record_id,reviewer1,reviewer2,source
REC0001,exclude,exclude,SYNTHETIC_ILLUSTRATIVE
REC0002,exclude,exclude,SYNTHETIC_ILLUSTRATIVE
REC0003,include,include,SYNTHETIC_ILLUSTRATIVE
REC0004,exclude,exclude,SYNTHETIC_ILLUSTRATIVE
REC0005,exclude,include,SYNTHETIC_ILLUSTRATIVE
REC0006,exclude,exclude,SYNTHETIC_ILLUSTRATIVE
REC0007,exclude,exclude,SYNTHETIC_ILLUSTRATIVE
REC0008,exclude,exclude,SYNTHETIC_ILLUSTRATIVE
REC0009,exclude,exclude,SYNTHETIC_ILLUSTRATIVE
REC0010,exclude,exclude,SYNTHETIC_ILLUSTRATIVE
REC0011,exclude,exclude,SYNTHETIC_ILLUSTRATIVE
REC0012,exclude,exclude,SYNTHETIC_ILLUSTRATIVE
REC0013,exclude,exclude,SYNTHETIC_ILLUSTRATIVE
REC0014,exclude,exclude,SYNTHETIC_ILLUSTRATIVE
REC0015,exclude,exclude,SYNTHETIC_ILLUSTRATIVE
REC0016,exclude,exclude,SYNTHETIC_ILLUSTRATIVE
REC0017,exclude,exclude,SYNTHETIC_ILLUSTRATIVE
REC0018,exclude,exclude,SYNTHETIC_ILLUSTRATIVE
REC0019,exclude,exclude,SYNTHETIC_ILLUSTRATIVE
REC0020,exclude,exclude,SYNTHETIC_ILLUSTRATIVE
REC0021,exclude,exclude,SYNTHETIC_ILLUSTRATIVE
REC0022,exclude,exclude,SYNTHETIC_ILLUSTRATIVE
REC0023,exclude,exclude,SYNTHETIC_ILLUSTRATIVE
REC0024,exclude,exclude,SYNTHETIC_ILLUSTRATIVE
REC0025,exclude,exclude,SYNTHETIC_ILLUSTRATIVE
REC0026,exclude,include,SYNTHETIC_ILLUSTRATIVE
REC0027,exclude,exclude,SYNTHETIC_ILLUSTRATIVE
REC0028,exclude,exclude,SYNTHETIC_ILLUSTRATIVE
REC0029,exclude,exclude,SYNTHETIC_ILLUSTRATIVE
REC0030,exclude,exclude,SYNTHETIC_ILLUSTRATIVE
REC0031,exclude,exclude,SYNTHETIC_ILLUSTRATIVE
REC0032,exclude,exclude,SYNTHETIC_ILLUSTRATIVE
REC0033,exclude,exclude,SYNTHETIC_ILLUSTRATIVE
REC0034,exclude,exclude,SYNTHETIC_ILLUSTRATIVE
REC0035,exclude,exclude,SYNTHETIC_ILLUSTRATIVE
REC0036,exclude,exclude,SYNTHETIC_ILLUSTRATIVE
REC0037,exclude,exclude,SYNTHETIC_ILLUSTRATIVE
REC0038,exclude,exclude,SYNTHETIC_ILLUSTRATIVE
REC0039,exclude,exclude,SYNTHETIC_ILLUSTRATIVE
REC0040,exclude,exclude,SYNTHETIC_ILLUSTRATIVE
REC0041,exclude,exclude,SYNTHETIC_ILLUSTRATIVE
REC0042,exclude,exclude,SYNTHETIC_ILLUSTRATIVE
REC0043,exclude,exclude,SYNTHETIC_ILLUSTRATIVE
REC0044,include,include,SYNTHETIC_ILLUSTRATIVE
REC0045,exclude,include,SYNTHETIC_ILLUSTRATIVE
REC0046,exclude,exclude,SYNTHETIC_ILLUSTRATIVE
REC0047,exclude,exclude,SYNTHETIC_ILLUSTRATIVE
REC0048,exclude,exclude,SYNTHETIC_ILLUSTRATIVE
REC0049,exclude,exclude,SYNTHETIC_ILLUSTRATIVE
REC0050,exclude,include,SYNTHETIC_ILLUSTRATIVE
REC0051,exclude,exclude,SYNTHETIC_ILLUSTRATIVE
REC0052,exclude,exclude,SYNTHETIC_ILLUSTRATIVE
REC0053,exclude,exclude,SYNTHETIC_ILLUSTRATIVE
REC0054,exclude,exclude,SYNTHETIC_ILLUSTRATIVE
REC0055,include,include,SYNTHETIC_ILLUSTRATIVE
REC0056,exclude,exclude,SYNTHETIC_ILLUSTRATIVE
REC0057,exclude,exclude,SYNTHETIC_ILLUSTRATIVE
REC0058,exclude,exclude,SYNTHETIC_ILLUSTRATIVE
REC0059,exclude,exclude,SYNTHETIC_ILLUSTRATIVE
REC0060,exclude,exclude,SYNTHETIC_ILLUSTRATIVE
REC0061,include,exclude,SYNTHETIC_ILLUSTRATIVE
REC0062,exclude,exclude,SYNTHETIC_ILLUSTRATIVE
REC0063,exclude,exclude,SYNTHETIC_ILLUSTRATIVE
REC0064,exclude,exclude,SYNTHETIC_ILLUSTRATIVE
REC0065,exclude,exclude,SYNTHETIC_ILLUSTRATIVE
REC0066,exclude,exclude,SYNTHETIC_ILLUSTRATIVE
REC0067,exclude,exclude,SYNTHETIC_ILLUSTRATIVE
REC0068,exclude,exclude,SYNTHETIC_ILLUSTRATIVE
REC0069,exclude,exclude,SYNTHETIC_ILLUSTRATIVE
REC0070,exclude,exclude,SYNTHETIC_ILLUSTRATIVE
REC0071,exclude,exclude,SYNTHETIC_ILLUSTRATIVE
REC0072,exclude,exclude,SYNTHETIC_ILLUSTRATIVE
REC0073,exclude,exclude,SYNTHETIC_ILLUSTRATIVE
REC0074,exclude,exclude,SYNTHETIC_ILLUSTRATIVE
REC0075,exclude,exclude,SYNTHETIC_ILLUSTRATIVE
REC0076,exclude,exclude,SYNTHETIC_ILLUSTRATIVE
REC0077,exclude,exclude,SYNTHETIC_ILLUSTRATIVE
REC0078,include,include,SYNTHETIC_ILLUSTRATIVE
REC0079,exclude,exclude,SYNTHETIC_ILLUSTRATIVE
REC0080,exclude,exclude,SYNTHETIC_ILLUSTRATIVE
REC0081,exclude,exclude,SYNTHETIC_ILLUSTRATIVE
REC0082,include,exclude,SYNTHETIC_ILLUSTRATIVE
REC0083,exclude,exclude,SYNTHETIC_ILLUSTRATIVE
REC0084,exclude,exclude,SYNTHETIC_ILLUSTRATIVE
REC0085,exclude,exclude,SYNTHETIC_ILLUSTRATIVE
REC0086,include,exclude,SYNTHETIC_ILLUSTRATIVE
REC0087,exclude,exclude,SYNTHETIC_ILLUSTRATIVE
REC0088,exclude,exclude,SYNTHETIC_ILLUSTRATIVE
REC0089,exclude,exclude,SYNTHETIC_ILLUSTRATIVE
REC0090,exclude,exclude,SYNTHETIC_ILLUSTRATIVE
REC0091,exclude,exclude,SYNTHETIC_ILLUSTRATIVE
REC0092,exclude,exclude,SYNTHETIC_ILLUSTRATIVE
REC0093,include,exclude,SYNTHETIC_ILLUSTRATIVE
REC0094,exclude,exclude,SYNTHETIC_ILLUSTRATIVE
REC0095,exclude,exclude,SYNTHETIC_ILLUSTRATIVE
REC0096,exclude,exclude,SYNTHETIC_ILLUSTRATIVE
REC0097,exclude,exclude,SYNTHETIC_ILLUSTRATIVE
REC0098,exclude,exclude,SYNTHETIC_ILLUSTRATIVE
REC0099,exclude,exclude,SYNTHETIC_ILLUSTRATIVE
REC0100,exclude,exclude,SYNTHETIC_ILLUSTRATIVE
REC0101,exclude,exclude,SYNTHETIC_ILLUSTRATIVE
REC0102,exclude,exclude,SYNTHETIC_ILLUSTRATIVE
REC0103,exclude,exclude,SYNTHETIC_ILLUSTRATIVE
REC0104,exclude,exclude,SYNTHETIC_ILLUSTRATIVE
REC0105,include,include,SYNTHETIC_ILLUSTRATIVE
REC0106,exclude,exclude,SYNTHETIC_ILLUSTRATIVE
REC0107,exclude,exclude,SYNTHETIC_ILLUSTRATIVE
REC0108,exclude,exclude,SYNTHETIC_ILLUSTRATIVE
REC0109,exclude,exclude,SYNTHETIC_ILLUSTRATIVE
REC0110,exclude,exclude,SYNTHETIC_ILLUSTRATIVE
REC0111,exclude,exclude,SYNTHETIC_ILLUSTRATIVE
REC0112,exclude,exclude,SYNTHETIC_ILLUSTRATIVE
REC0113,exclude,exclude,SYNTHETIC_ILLUSTRATIVE
REC0114,exclude,exclude,SYNTHETIC_ILLUSTRATIVE
REC0115,exclude,exclude,SYNTHETIC_ILLUSTRATIVE
REC0116,exclude,exclude,SYNTHETIC_ILLUSTRATIVE
REC0117,exclude,exclude,SYNTHETIC_ILLUSTRATIVE
REC0118,include,include,SYNTHETIC_ILLUSTRATIVE
REC0119,exclude,exclude,SYNTHETIC_ILLUSTRATIVE
REC0120,exclude,exclude,SYNTHETIC_ILLUSTRATIVE
REC0121,exclude,exclude,SYNTHETIC_ILLUSTRATIVE
REC0122,exclude,exclude,SYNTHETIC_ILLUSTRATIVE
REC0123,exclude,exclude,SYNTHETIC_ILLUSTRATIVE
REC0124,include,include,SYNTHETIC_ILLUSTRATIVE
REC0125,exclude,exclude,SYNTHETIC_ILLUSTRATIVE
REC0126,exclude,exclude,SYNTHETIC_ILLUSTRATIVE
REC0127,exclude,exclude,SYNTHETIC_ILLUSTRATIVE
REC0128,exclude,exclude,SYNTHETIC_ILLUSTRATIVE
REC0129,exclude,exclude,SYNTHETIC_ILLUSTRATIVE
REC0130,exclude,exclude,SYNTHETIC_ILLUSTRATIVE
REC0131,exclude,exclude,SYNTHETIC_ILLUSTRATIVE
REC0132,exclude,exclude,SYNTHETIC_ILLUSTRATIVE
REC0133,exclude,include,SYNTHETIC_ILLUSTRATIVE
REC0134,exclude,exclude,SYNTHETIC_ILLUSTRATIVE
REC0135,exclude,exclude,SYNTHETIC_ILLUSTRATIVE
REC0136,exclude,exclude,SYNTHETIC_ILLUSTRATIVE
REC0137,exclude,exclude,SYNTHETIC_ILLUSTRATIVE
REC0138,exclude,exclude,SYNTHETIC_ILLUSTRATIVE
REC0139,exclude,exclude,SYNTHETIC_ILLUSTRATIVE
REC0140,exclude,exclude,SYNTHETIC_ILLUSTRATIVE
REC0141,exclude,exclude,SYNTHETIC_ILLUSTRATIVE
REC0142,exclude,exclude,SYNTHETIC_ILLUSTRATIVE
REC0143,exclude,exclude,SYNTHETIC_ILLUSTRATIVE
REC0144,exclude,exclude,SYNTHETIC_ILLUSTRATIVE
REC0145,exclude,exclude,SYNTHETIC_ILLUSTRATIVE
REC0146,exclude,exclude,SYNTHETIC_ILLUSTRATIVE
REC0147,exclude,exclude,SYNTHETIC_ILLUSTRATIVE
REC0148,exclude,exclude,SYNTHETIC_ILLUSTRATIVE
REC0149,exclude,exclude,SYNTHETIC_ILLUSTRATIVE
REC0150,exclude,exclude,SYNTHETIC_ILLUSTRATIVE
REC0151,exclude,exclude,SYNTHETIC_ILLUSTRATIVE
REC0152,exclude,exclude,SYNTHETIC_ILLUSTRATIVE
REC0153,exclude,exclude,SYNTHETIC_ILLUSTRATIVE
REC0154,exclude,exclude,SYNTHETIC_ILLUSTRATIVE
REC0155,exclude,exclude,SYNTHETIC_ILLUSTRATIVE
REC0156,exclude,exclude,SYNTHETIC_ILLUSTRATIVE
REC0157,exclude,exclude,SYNTHETIC_ILLUSTRATIVE
REC0158,exclude,exclude,SYNTHETIC_ILLUSTRATIVE
REC0159,exclude,exclude,SYNTHETIC_ILLUSTRATIVE
REC0160,exclude,exclude,SYNTHETIC_ILLUSTRATIVE
REC0161,exclude,exclude,SYNTHETIC_ILLUSTRATIVE
REC0162,exclude,include,SYNTHETIC_ILLUSTRATIVE
REC0163,exclude,exclude,SYNTHETIC_ILLUSTRATIVE
REC0164,exclude,exclude,SYNTHETIC_ILLUSTRATIVE
REC0165,include,include,SYNTHETIC_ILLUSTRATIVE
REC0166,exclude,exclude,SYNTHETIC_ILLUSTRATIVE
REC0167,exclude,exclude,SYNTHETIC_ILLUSTRATIVE
REC0168,exclude,exclude,SYNTHETIC_ILLUSTRATIVE
REC0169,exclude,exclude,SYNTHETIC_ILLUSTRATIVE
REC0170,exclude,exclude,SYNTHETIC_ILLUSTRATIVE
REC0171,exclude,exclude,SYNTHETIC_ILLUSTRATIVE
REC0172,exclude,exclude,SYNTHETIC_ILLUSTRATIVE
REC0173,exclude,exclude,SYNTHETIC_ILLUSTRATIVE
REC0174,exclude,exclude,SYNTHETIC_ILLUSTRATIVE
REC0175,exclude,exclude,SYNTHETIC_ILLUSTRATIVE
REC0176,exclude,exclude,SYNTHETIC_ILLUSTRATIVE
REC0177,exclude,include,SYNTHETIC_ILLUSTRATIVE
REC0178,exclude,exclude,SYNTHETIC_ILLUSTRATIVE
REC0179,exclude,include,SYNTHETIC_ILLUSTRATIVE
REC0180,exclude,exclude,SYNTHETIC_ILLUSTRATIVE
REC0181,exclude,exclude,SYNTHETIC_ILLUSTRATIVE
REC0182,exclude,exclude,SYNTHETIC_ILLUSTRATIVE
REC0183,exclude,exclude,SYNTHETIC_ILLUSTRATIVE
REC0184,exclude,exclude,SYNTHETIC_ILLUSTRATIVE
REC0185,include,include,SYNTHETIC_ILLUSTRATIVE
REC0186,exclude,exclude,SYNTHETIC_ILLUSTRATIVE
REC0187,exclude,exclude,SYNTHETIC_ILLUSTRATIVE
REC0188,exclude,exclude,SYNTHETIC_ILLUSTRATIVE
REC0189,exclude,exclude,SYNTHETIC_ILLUSTRATIVE
REC0190,exclude,exclude,SYNTHETIC_ILLUSTRATIVE
REC0191,exclude,exclude,SYNTHETIC_ILLUSTRATIVE
REC0192,exclude,exclude,SYNTHETIC_ILLUSTRATIVE
REC0193,exclude,exclude,SYNTHETIC_ILLUSTRATIVE
REC0194,include,include,SYNTHETIC_ILLUSTRATIVE
REC0195,exclude,exclude,SYNTHETIC_ILLUSTRATIVE
REC0196,exclude,exclude,SYNTHETIC_ILLUSTRATIVE
REC0197,exclude,exclude,SYNTHETIC_ILLUSTRATIVE
REC0198,exclude,exclude,SYNTHETIC_ILLUSTRATIVE
REC0199,exclude,exclude,SYNTHETIC_ILLUSTRATIVE
REC0200,exclude,exclude,SYNTHETIC_ILLUSTRATIVE
REC0201,exclude,exclude,SYNTHETIC_ILLUSTRATIVE
REC0202,exclude,exclude,SYNTHETIC_ILLUSTRATIVE
REC0203,exclude,exclude,SYNTHETIC_ILLUSTRATIVE
REC0204,exclude,exclude,SYNTHETIC_ILLUSTRATIVE
REC0205,exclude,exclude,SYNTHETIC_ILLUSTRATIVE
REC0206,exclude,exclude,SYNTHETIC_ILLUSTRATIVE
REC0207,include,exclude,SYNTHETIC_ILLUSTRATIVE
REC0208,exclude,exclude,SYNTHETIC_ILLUSTRATIVE
REC0209,exclude,exclude,SYNTHETIC_ILLUSTRATIVE
REC0210,exclude,exclude,SYNTHETIC_ILLUSTRATIVE
REC0211,exclude,exclude,SYNTHETIC_ILLUSTRATIVE
REC0212,exclude,exclude,SYNTHETIC_ILLUSTRATIVE
REC0213,exclude,exclude,SYNTHETIC_ILLUSTRATIVE
REC0214,exclude,exclude,SYNTHETIC_ILLUSTRATIVE
REC0215,exclude,exclude,SYNTHETIC_ILLUSTRATIVE
REC0216,exclude,exclude,SYNTHETIC_ILLUSTRATIVE
REC0217,exclude,exclude,SYNTHETIC_ILLUSTRATIVE
REC0218,exclude,exclude,SYNTHETIC_ILLUSTRATIVE
REC0219,exclude,exclude,SYNTHETIC_ILLUSTRATIVE
REC0220,exclude,exclude,SYNTHETIC_ILLUSTRATIVE
REC0221,exclude,exclude,SYNTHETIC_ILLUSTRATIVE
REC0222,exclude,exclude,SYNTHETIC_ILLUSTRATIVE
REC0223,exclude,include,SYNTHETIC_ILLUSTRATIVE
REC0224,exclude,exclude,SYNTHETIC_ILLUSTRATIVE
REC0225,exclude,exclude,SYNTHETIC_ILLUSTRATIVE
REC0226,exclude,exclude,SYNTHETIC_ILLUSTRATIVE
REC0227,exclude,exclude,SYNTHETIC_ILLUSTRATIVE
REC0228,exclude,exclude,SYNTHETIC_ILLUSTRATIVE
REC0229,exclude,exclude,SYNTHETIC_ILLUSTRATIVE
REC0230,exclude,exclude,SYNTHETIC_ILLUSTRATIVE
REC0231,exclude,exclude,SYNTHETIC_ILLUSTRATIVE
REC0232,exclude,exclude,SYNTHETIC_ILLUSTRATIVE
REC0233,exclude,exclude,SYNTHETIC_ILLUSTRATIVE
REC0234,exclude,exclude,SYNTHETIC_ILLUSTRATIVE
REC0235,exclude,exclude,SYNTHETIC_ILLUSTRATIVE
REC0236,exclude,include,SYNTHETIC_ILLUSTRATIVE
REC0237,exclude,exclude,SYNTHETIC_ILLUSTRATIVE
REC0238,exclude,include,SYNTHETIC_ILLUSTRATIVE
REC0239,exclude,exclude,SYNTHETIC_ILLUSTRATIVE
REC0240,exclude,exclude,SYNTHETIC_ILLUSTRATIVE
REC0241,exclude,exclude,SYNTHETIC_ILLUSTRATIVE
REC0242,include,exclude,SYNTHETIC_ILLUSTRATIVE
REC0243,exclude,exclude,SYNTHETIC_ILLUSTRATIVE
REC0244,exclude,exclude,SYNTHETIC_ILLUSTRATIVE
REC0245,exclude,exclude,SYNTHETIC_ILLUSTRATIVE
REC0246,exclude,exclude,SYNTHETIC_ILLUSTRATIVE
REC0247,exclude,exclude,SYNTHETIC_ILLUSTRATIVE
REC0248,exclude,exclude,SYNTHETIC_ILLUSTRATIVE
REC0249,exclude,exclude,SYNTHETIC_ILLUSTRATIVE
REC0250,exclude,exclude,SYNTHETIC_ILLUSTRATIVE
REC0251,exclude,exclude,SYNTHETIC_ILLUSTRATIVE
REC0252,exclude,exclude,SYNTHETIC_ILLUSTRATIVE
REC0253,exclude,exclude,SYNTHETIC_ILLUSTRATIVE
REC0254,exclude,exclude,SYNTHETIC_ILLUSTRATIVE
REC0255,exclude,exclude,SYNTHETIC_ILLUSTRATIVE
REC0256,exclude,exclude,SYNTHETIC_ILLUSTRATIVE
REC0257,exclude,exclude,SYNTHETIC_ILLUSTRATIVE
REC0258,exclude,exclude,SYNTHETIC_ILLUSTRATIVE
REC0259,exclude,exclude,SYNTHETIC_ILLUSTRATIVE
REC0260,exclude,exclude,SYNTHETIC_ILLUSTRATIVE
REC0261,exclude,exclude,SYNTHETIC_ILLUSTRATIVE
REC0262,exclude,exclude,SYNTHETIC_ILLUSTRATIVE
REC0263,exclude,exclude,SYNTHETIC_ILLUSTRATIVE
REC0264,exclude,exclude,SYNTHETIC_ILLUSTRATIVE
REC0265,exclude,exclude,SYNTHETIC_ILLUSTRATIVE
REC0266,exclude,exclude,SYNTHETIC_ILLUSTRATIVE
REC0267,exclude,exclude,SYNTHETIC_ILLUSTRATIVE
REC0268,exclude,exclude,SYNTHETIC_ILLUSTRATIVE
REC0269,exclude,exclude,SYNTHETIC_ILLUSTRATIVE
REC0270,exclude,exclude,SYNTHETIC_ILLUSTRATIVE
REC0271,exclude,exclude,SYNTHETIC_ILLUSTRATIVE
REC0272,exclude,exclude,SYNTHETIC_ILLUSTRATIVE
REC0273,include,include,SYNTHETIC_ILLUSTRATIVE
REC0274,exclude,exclude,SYNTHETIC_ILLUSTRATIVE
REC0275,exclude,exclude,SYNTHETIC_ILLUSTRATIVE
REC0276,exclude,exclude,SYNTHETIC_ILLUSTRATIVE
REC0277,exclude,include,SYNTHETIC_ILLUSTRATIVE
REC0278,exclude,exclude,SYNTHETIC_ILLUSTRATIVE
REC0279,exclude,exclude,SYNTHETIC_ILLUSTRATIVE
REC0280,exclude,exclude,SYNTHETIC_ILLUSTRATIVE
REC0281,exclude,exclude,SYNTHETIC_ILLUSTRATIVE
REC0282,exclude,exclude,SYNTHETIC_ILLUSTRATIVE
REC0283,exclude,exclude,SYNTHETIC_ILLUSTRATIVE
REC0284,exclude,exclude,SYNTHETIC_ILLUSTRATIVE
REC0285,exclude,exclude,SYNTHETIC_ILLUSTRATIVE
REC0286,exclude,exclude,SYNTHETIC_ILLUSTRATIVE
REC0287,exclude,exclude,SYNTHETIC_ILLUSTRATIVE
REC0288,exclude,exclude,SYNTHETIC_ILLUSTRATIVE
REC0289,exclude,exclude,SYNTHETIC_ILLUSTRATIVE
REC0290,exclude,exclude,SYNTHETIC_ILLUSTRATIVE
REC0291,exclude,exclude,SYNTHETIC_ILLUSTRATIVE
REC0292,exclude,exclude,SYNTHETIC_ILLUSTRATIVE
REC0293,exclude,exclude,SYNTHETIC_ILLUSTRATIVE
REC0294,exclude,exclude,SYNTHETIC_ILLUSTRATIVE
REC0295,exclude,exclude,SYNTHETIC_ILLUSTRATIVE
REC0296,exclude,exclude,SYNTHETIC_ILLUSTRATIVE
REC0297,exclude,exclude,SYNTHETIC_ILLUSTRATIVE
REC0298,exclude,exclude,SYNTHETIC_ILLUSTRATIVE
REC0299,exclude,exclude,SYNTHETIC_ILLUSTRATIVE
REC0300,exclude,exclude,SYNTHETIC_ILLUSTRATIVE
REC0301,exclude,exclude,SYNTHETIC_ILLUSTRATIVE
REC0302,exclude,exclude,SYNTHETIC_ILLUSTRATIVE
REC0303,include,include,SYNTHETIC_ILLUSTRATIVE
REC0304,exclude,exclude,SYNTHETIC_ILLUSTRATIVE
REC0305,exclude,exclude,SYNTHETIC_ILLUSTRATIVE
REC0306,exclude,exclude,SYNTHETIC_ILLUSTRATIVE
REC0307,exclude,exclude,SYNTHETIC_ILLUSTRATIVE
REC0308,include,exclude,SYNTHETIC_ILLUSTRATIVE
REC0309,exclude,exclude,SYNTHETIC_ILLUSTRATIVE
REC0310,exclude,exclude,SYNTHETIC_ILLUSTRATIVE
REC0311,exclude,exclude,SYNTHETIC_ILLUSTRATIVE
REC0312,exclude,exclude,SYNTHETIC_ILLUSTRATIVE
REC0313,exclude,exclude,SYNTHETIC_ILLUSTRATIVE
REC0314,exclude,exclude,SYNTHETIC_ILLUSTRATIVE
REC0315,exclude,exclude,SYNTHETIC_ILLUSTRATIVE
REC0316,exclude,exclude,SYNTHETIC_ILLUSTRATIVE
REC0317,exclude,exclude,SYNTHETIC_ILLUSTRATIVE
REC0318,exclude,exclude,SYNTHETIC_ILLUSTRATIVE
REC0319,exclude,exclude,SYNTHETIC_ILLUSTRATIVE
REC0320,exclude,exclude,SYNTHETIC_ILLUSTRATIVE
REC0321,exclude,exclude,SYNTHETIC_ILLUSTRATIVE
REC0322,exclude,exclude,SYNTHETIC_ILLUSTRATIVE
REC0323,exclude,exclude,SYNTHETIC_ILLUSTRATIVE
REC0324,exclude,exclude,SYNTHETIC_ILLUSTRATIVE
REC0325,exclude,exclude,SYNTHETIC_ILLUSTRATIVE
REC0326,exclude,exclude,SYNTHETIC_ILLUSTRATIVE
REC0327,exclude,exclude,SYNTHETIC_ILLUSTRATIVE
REC0328,include,exclude,SYNTHETIC_ILLUSTRATIVE
REC0329,exclude,exclude,SYNTHETIC_ILLUSTRATIVE
REC0330,exclude,exclude,SYNTHETIC_ILLUSTRATIVE
REC0331,exclude,exclude,SYNTHETIC_ILLUSTRATIVE
REC0332,exclude,exclude,SYNTHETIC_ILLUSTRATIVE
REC0333,exclude,exclude,SYNTHETIC_ILLUSTRATIVE
REC0334,exclude,exclude,SYNTHETIC_ILLUSTRATIVE
REC0335,exclude,exclude,SYNTHETIC_ILLUSTRATIVE
REC0336,exclude,exclude,SYNTHETIC_ILLUSTRATIVE
REC0337,exclude,exclude,SYNTHETIC_ILLUSTRATIVE
REC0338,exclude,exclude,SYNTHETIC_ILLUSTRATIVE
REC0339,exclude,exclude,SYNTHETIC_ILLUSTRATIVE
REC0340,exclude,exclude,SYNTHETIC_ILLUSTRATIVE
REC0341,exclude,exclude,SYNTHETIC_ILLUSTRATIVE
REC0342,exclude,exclude,SYNTHETIC_ILLUSTRATIVE
REC0343,exclude,exclude,SYNTHETIC_ILLUSTRATIVE
REC0344,exclude,exclude,SYNTHETIC_ILLUSTRATIVE
REC0345,exclude,exclude,SYNTHETIC_ILLUSTRATIVE
REC0346,exclude,exclude,SYNTHETIC_ILLUSTRATIVE
REC0347,exclude,exclude,SYNTHETIC_ILLUSTRATIVE
REC0348,exclude,exclude,SYNTHETIC_ILLUSTRATIVE
REC0349,exclude,exclude,SYNTHETIC_ILLUSTRATIVE
REC0350,exclude,exclude,SYNTHETIC_ILLUSTRATIVE
REC0351,exclude,exclude,SYNTHETIC_ILLUSTRATIVE
REC0352,exclude,exclude,SYNTHETIC_ILLUSTRATIVE
REC0353,exclude,exclude,SYNTHETIC_ILLUSTRATIVE
REC0354,exclude,exclude,SYNTHETIC_ILLUSTRATIVE
REC0355,exclude,exclude,SYNTHETIC_ILLUSTRATIVE
REC0356,exclude,exclude,SYNTHETIC_ILLUSTRATIVE
REC0357,exclude,exclude,SYNTHETIC_ILLUSTRATIVE
REC0358,exclude,exclude,SYNTHETIC_ILLUSTRATIVE
REC0359,exclude,exclude,SYNTHETIC_ILLUSTRATIVE
REC0360,exclude,exclude,SYNTHETIC_ILLUSTRATIVE
REC0361,exclude,exclude,SYNTHETIC_ILLUSTRATIVE
REC0362,exclude,exclude,SYNTHETIC_ILLUSTRATIVE
REC0363,exclude,exclude,SYNTHETIC_ILLUSTRATIVE
REC0364,exclude,exclude,SYNTHETIC_ILLUSTRATIVE
REC0365,exclude,exclude,SYNTHETIC_ILLUSTRATIVE
REC0366,exclude,exclude,SYNTHETIC_ILLUSTRATIVE
REC0367,exclude,exclude,SYNTHETIC_ILLUSTRATIVE
REC0368,exclude,exclude,SYNTHETIC_ILLUSTRATIVE
REC0369,exclude,exclude,SYNTHETIC_ILLUSTRATIVE
REC0370,exclude,exclude,SYNTHETIC_ILLUSTRATIVE
REC0371,exclude,exclude,SYNTHETIC_ILLUSTRATIVE
REC0372,exclude,exclude,SYNTHETIC_ILLUSTRATIVE
REC0373,exclude,exclude,SYNTHETIC_ILLUSTRATIVE
REC0374,exclude,exclude,SYNTHETIC_ILLUSTRATIVE
REC0375,exclude,exclude,SYNTHETIC_ILLUSTRATIVE
REC0376,include,include,SYNTHETIC_ILLUSTRATIVE
REC0377,exclude,exclude,SYNTHETIC_ILLUSTRATIVE
REC0378,exclude,exclude,SYNTHETIC_ILLUSTRATIVE
REC0379,exclude,exclude,SYNTHETIC_ILLUSTRATIVE
REC0380,exclude,exclude,SYNTHETIC_ILLUSTRATIVE
REC0381,exclude,exclude,SYNTHETIC_ILLUSTRATIVE
REC0382,exclude,exclude,SYNTHETIC_ILLUSTRATIVE
REC0383,exclude,exclude,SYNTHETIC_ILLUSTRATIVE
REC0384,exclude,exclude,SYNTHETIC_ILLUSTRATIVE
REC0385,exclude,exclude,SYNTHETIC_ILLUSTRATIVE
REC0386,exclude,exclude,SYNTHETIC_ILLUSTRATIVE
REC0387,exclude,exclude,SYNTHETIC_ILLUSTRATIVE
REC0388,exclude,exclude,SYNTHETIC_ILLUSTRATIVE
REC0389,exclude,exclude,SYNTHETIC_ILLUSTRATIVE
REC0390,exclude,exclude,SYNTHETIC_ILLUSTRATIVE
REC0391,exclude,exclude,SYNTHETIC_ILLUSTRATIVE
REC0392,exclude,exclude,SYNTHETIC_ILLUSTRATIVE
REC0393,exclude,exclude,SYNTHETIC_ILLUSTRATIVE
REC0394,exclude,exclude,SYNTHETIC_ILLUSTRATIVE
REC0395,exclude,exclude,SYNTHETIC_ILLUSTRATIVE
REC0396,exclude,exclude,SYNTHETIC_ILLUSTRATIVE
REC0397,exclude,exclude,SYNTHETIC_ILLUSTRATIVE
REC0398,exclude,exclude,SYNTHETIC_ILLUSTRATIVE
REC0399,exclude,exclude,SYNTHETIC_ILLUSTRATIVE
REC0400,exclude,exclude,SYNTHETIC_ILLUSTRATIVE
REC0401,exclude,exclude,SYNTHETIC_ILLUSTRATIVE
REC0402,exclude,exclude,SYNTHETIC_ILLUSTRATIVE
REC0403,exclude,exclude,SYNTHETIC_ILLUSTRATIVE
REC0404,exclude,exclude,SYNTHETIC_ILLUSTRATIVE
REC0405,exclude,exclude,SYNTHETIC_ILLUSTRATIVE
REC0406,exclude,include,SYNTHETIC_ILLUSTRATIVE
REC0407,exclude,exclude,SYNTHETIC_ILLUSTRATIVE
REC0408,exclude,exclude,SYNTHETIC_ILLUSTRATIVE
REC0409,include,include,SYNTHETIC_ILLUSTRATIVE
REC0410,exclude,exclude,SYNTHETIC_ILLUSTRATIVE
REC0411,exclude,exclude,SYNTHETIC_ILLUSTRATIVE
REC0412,exclude,exclude,SYNTHETIC_ILLUSTRATIVE
REC0413,exclude,exclude,SYNTHETIC_ILLUSTRATIVE
REC0414,exclude,exclude,SYNTHETIC_ILLUSTRATIVE
REC0415,exclude,exclude,SYNTHETIC_ILLUSTRATIVE
REC0416,exclude,exclude,SYNTHETIC_ILLUSTRATIVE
REC0417,exclude,exclude,SYNTHETIC_ILLUSTRATIVE
REC0418,exclude,exclude,SYNTHETIC_ILLUSTRATIVE
REC0419,exclude,exclude,SYNTHETIC_ILLUSTRATIVE
REC0420,exclude,exclude,SYNTHETIC_ILLUSTRATIVE
REC0421,exclude,exclude,SYNTHETIC_ILLUSTRATIVE
REC0422,exclude,exclude,SYNTHETIC_ILLUSTRATIVE
REC0423,include,include,SYNTHETIC_ILLUSTRATIVE
REC0424,exclude,exclude,SYNTHETIC_ILLUSTRATIVE
REC0425,exclude,exclude,SYNTHETIC_ILLUSTRATIVE
REC0426,exclude,exclude,SYNTHETIC_ILLUSTRATIVE
REC0427,include,include,SYNTHETIC_ILLUSTRATIVE
REC0428,exclude,exclude,SYNTHETIC_ILLUSTRATIVE
REC0429,exclude,exclude,SYNTHETIC_ILLUSTRATIVE
REC0430,exclude,include,SYNTHETIC_ILLUSTRATIVE
REC0431,exclude,exclude,SYNTHETIC_ILLUSTRATIVE
REC0432,exclude,exclude,SYNTHETIC_ILLUSTRATIVE
REC0433,exclude,exclude,SYNTHETIC_ILLUSTRATIVE
REC0434,exclude,exclude,SYNTHETIC_ILLUSTRATIVE
REC0435,exclude,exclude,SYNTHETIC_ILLUSTRATIVE
REC0436,exclude,exclude,SYNTHETIC_ILLUSTRATIVE
REC0437,exclude,exclude,SYNTHETIC_ILLUSTRATIVE
REC0438,exclude,exclude,SYNTHETIC_ILLUSTRATIVE
REC0439,exclude,exclude,SYNTHETIC_ILLUSTRATIVE
REC0440,exclude,exclude,SYNTHETIC_ILLUSTRATIVE
REC0441,exclude,exclude,SYNTHETIC_ILLUSTRATIVE
REC0442,exclude,exclude,SYNTHETIC_ILLUSTRATIVE
REC0443,exclude,exclude,SYNTHETIC_ILLUSTRATIVE
REC0444,exclude,exclude,SYNTHETIC_ILLUSTRATIVE
REC0445,exclude,exclude,SYNTHETIC_ILLUSTRATIVE
REC0446,include,include,SYNTHETIC_ILLUSTRATIVE
REC0447,exclude,exclude,SYNTHETIC_ILLUSTRATIVE
REC0448,exclude,exclude,SYNTHETIC_ILLUSTRATIVE
REC0449,exclude,exclude,SYNTHETIC_ILLUSTRATIVE
REC0450,exclude,exclude,SYNTHETIC_ILLUSTRATIVE
REC0451,exclude,exclude,SYNTHETIC_ILLUSTRATIVE
REC0452,exclude,exclude,SYNTHETIC_ILLUSTRATIVE
REC0453,exclude,exclude,SYNTHETIC_ILLUSTRATIVE
REC0454,exclude,exclude,SYNTHETIC_ILLUSTRATIVE
REC0455,exclude,exclude,SYNTHETIC_ILLUSTRATIVE
REC0456,include,include,SYNTHETIC_ILLUSTRATIVE
REC0457,exclude,exclude,SYNTHETIC_ILLUSTRATIVE
REC0458,exclude,exclude,SYNTHETIC_ILLUSTRATIVE
REC0459,exclude,include,SYNTHETIC_ILLUSTRATIVE
REC0460,exclude,exclude,SYNTHETIC_ILLUSTRATIVE
REC0461,exclude,exclude,SYNTHETIC_ILLUSTRATIVE
REC0462,exclude,exclude,SYNTHETIC_ILLUSTRATIVE
REC0463,exclude,exclude,SYNTHETIC_ILLUSTRATIVE
REC0464,exclude,exclude,SYNTHETIC_ILLUSTRATIVE
REC0465,exclude,exclude,SYNTHETIC_ILLUSTRATIVE
REC0466,exclude,exclude,SYNTHETIC_ILLUSTRATIVE
REC0467,exclude,exclude,SYNTHETIC_ILLUSTRATIVE
REC0468,exclude,exclude,SYNTHETIC_ILLUSTRATIVE
REC0469,exclude,exclude,SYNTHETIC_ILLUSTRATIVE
REC0470,exclude,exclude,SYNTHETIC_ILLUSTRATIVE
REC0471,exclude,exclude,SYNTHETIC_ILLUSTRATIVE
REC0472,exclude,exclude,SYNTHETIC_ILLUSTRATIVE
REC0473,exclude,exclude,SYNTHETIC_ILLUSTRATIVE
REC0474,exclude,exclude,SYNTHETIC_ILLUSTRATIVE
REC0475,exclude,exclude,SYNTHETIC_ILLUSTRATIVE
REC0476,include,include,SYNTHETIC_ILLUSTRATIVE
REC0477,exclude,exclude,SYNTHETIC_ILLUSTRATIVE
REC0478,exclude,exclude,SYNTHETIC_ILLUSTRATIVE
REC0479,exclude,exclude,SYNTHETIC_ILLUSTRATIVE
REC0480,exclude,exclude,SYNTHETIC_ILLUSTRATIVE
REC0481,exclude,exclude,SYNTHETIC_ILLUSTRATIVE
REC0482,exclude,exclude,SYNTHETIC_ILLUSTRATIVE
REC0483,exclude,exclude,SYNTHETIC_ILLUSTRATIVE
REC0484,include,exclude,SYNTHETIC_ILLUSTRATIVE
REC0485,include,include,SYNTHETIC_ILLUSTRATIVE
REC0486,exclude,exclude,SYNTHETIC_ILLUSTRATIVE
REC0487,exclude,exclude,SYNTHETIC_ILLUSTRATIVE
REC0488,exclude,exclude,SYNTHETIC_ILLUSTRATIVE
REC0489,exclude,exclude,SYNTHETIC_ILLUSTRATIVE
REC0490,exclude,exclude,SYNTHETIC_ILLUSTRATIVE
REC0491,exclude,exclude,SYNTHETIC_ILLUSTRATIVE
REC0492,exclude,exclude,SYNTHETIC_ILLUSTRATIVE
REC0493,exclude,exclude,SYNTHETIC_ILLUSTRATIVE
REC0494,exclude,exclude,SYNTHETIC_ILLUSTRATIVE
REC0495,exclude,exclude,SYNTHETIC_ILLUSTRATIVE
REC0496,exclude,exclude,SYNTHETIC_ILLUSTRATIVE
REC0497,exclude,exclude,SYNTHETIC_ILLUSTRATIVE
REC0498,exclude,exclude,SYNTHETIC_ILLUSTRATIVE
REC0499,exclude,exclude,SYNTHETIC_ILLUSTRATIVE
REC0500,exclude,exclude,SYNTHETIC_ILLUSTRATIVE
REC0501,exclude,exclude,SYNTHETIC_ILLUSTRATIVE
REC0502,exclude,exclude,SYNTHETIC_ILLUSTRATIVE
REC0503,exclude,exclude,SYNTHETIC_ILLUSTRATIVE
REC0504,exclude,exclude,SYNTHETIC_ILLUSTRATIVE
REC0505,exclude,exclude,SYNTHETIC_ILLUSTRATIVE
REC0506,exclude,exclude,SYNTHETIC_ILLUSTRATIVE
REC0507,exclude,exclude,SYNTHETIC_ILLUSTRATIVE
REC0508,exclude,exclude,SYNTHETIC_ILLUSTRATIVE
REC0509,exclude,exclude,SYNTHETIC_ILLUSTRATIVE
REC0510,exclude,exclude,SYNTHETIC_ILLUSTRATIVE
REC0511,exclude,exclude,SYNTHETIC_ILLUSTRATIVE
REC0512,exclude,exclude,SYNTHETIC_ILLUSTRATIVE
REC0513,exclude,exclude,SYNTHETIC_ILLUSTRATIVE
REC0514,exclude,exclude,SYNTHETIC_ILLUSTRATIVE
REC0515,exclude,exclude,SYNTHETIC_ILLUSTRATIVE
REC0516,exclude,exclude,SYNTHETIC_ILLUSTRATIVE
REC0517,exclude,exclude,SYNTHETIC_ILLUSTRATIVE
REC0518,exclude,exclude,SYNTHETIC_ILLUSTRATIVE
REC0519,exclude,exclude,SYNTHETIC_ILLUSTRATIVE
REC0520,include,include,SYNTHETIC_ILLUSTRATIVE
REC0521,exclude,exclude,SYNTHETIC_ILLUSTRATIVE
REC0522,exclude,exclude,SYNTHETIC_ILLUSTRATIVE
REC0523,exclude,exclude,SYNTHETIC_ILLUSTRATIVE
REC0524,exclude,exclude,SYNTHETIC_ILLUSTRATIVE
REC0525,exclude,exclude,SYNTHETIC_ILLUSTRATIVE
REC0526,exclude,exclude,SYNTHETIC_ILLUSTRATIVE
REC0527,exclude,exclude,SYNTHETIC_ILLUSTRATIVE
REC0528,exclude,exclude,SYNTHETIC_ILLUSTRATIVE
REC0529,exclude,exclude,SYNTHETIC_ILLUSTRATIVE
REC0530,exclude,exclude,SYNTHETIC_ILLUSTRATIVE
REC0531,exclude,exclude,SYNTHETIC_ILLUSTRATIVE
REC0532,exclude,exclude,SYNTHETIC_ILLUSTRATIVE
REC0533,exclude,exclude,SYNTHETIC_ILLUSTRATIVE
REC0534,exclude,exclude,SYNTHETIC_ILLUSTRATIVE
REC0535,include,exclude,SYNTHETIC_ILLUSTRATIVE
REC0536,exclude,exclude,SYNTHETIC_ILLUSTRATIVE
REC0537,exclude,exclude,SYNTHETIC_ILLUSTRATIVE
REC0538,exclude,exclude,SYNTHETIC_ILLUSTRATIVE
REC0539,exclude,exclude,SYNTHETIC_ILLUSTRATIVE
REC0540,exclude,exclude,SYNTHETIC_ILLUSTRATIVE
REC0541,exclude,exclude,SYNTHETIC_ILLUSTRATIVE
REC0542,exclude,include,SYNTHETIC_ILLUSTRATIVE
REC0543,exclude,exclude,SYNTHETIC_ILLUSTRATIVE
REC0544,exclude,exclude,SYNTHETIC_ILLUSTRATIVE
REC0545,exclude,exclude,SYNTHETIC_ILLUSTRATIVE
REC0546,exclude,exclude,SYNTHETIC_ILLUSTRATIVE
REC0547,exclude,exclude,SYNTHETIC_ILLUSTRATIVE
REC0548,exclude,exclude,SYNTHETIC_ILLUSTRATIVE
REC0549,exclude,exclude,SYNTHETIC_ILLUSTRATIVE
REC0550,exclude,exclude,SYNTHETIC_ILLUSTRATIVE
REC0551,exclude,exclude,SYNTHETIC_ILLUSTRATIVE
REC0552,exclude,exclude,SYNTHETIC_ILLUSTRATIVE
REC0553,exclude,exclude,SYNTHETIC_ILLUSTRATIVE
REC0554,exclude,exclude,SYNTHETIC_ILLUSTRATIVE
REC0555,exclude,exclude,SYNTHETIC_ILLUSTRATIVE
REC0556,exclude,exclude,SYNTHETIC_ILLUSTRATIVE
REC0557,exclude,exclude,SYNTHETIC_ILLUSTRATIVE
REC0558,exclude,exclude,SYNTHETIC_ILLUSTRATIVE
REC0559,exclude,exclude,SYNTHETIC_ILLUSTRATIVE
REC0560,exclude,exclude,SYNTHETIC_ILLUSTRATIVE
REC0561,exclude,exclude,SYNTHETIC_ILLUSTRATIVE
REC0562,exclude,exclude,SYNTHETIC_ILLUSTRATIVE
REC0563,exclude,exclude,SYNTHETIC_ILLUSTRATIVE
REC0564,exclude,exclude,SYNTHETIC_ILLUSTRATIVE
REC0565,exclude,exclude,SYNTHETIC_ILLUSTRATIVE
REC0566,exclude,exclude,SYNTHETIC_ILLUSTRATIVE
REC0567,exclude,exclude,SYNTHETIC_ILLUSTRATIVE
REC0568,exclude,exclude,SYNTHETIC_ILLUSTRATIVE
REC0569,exclude,exclude,SYNTHETIC_ILLUSTRATIVE
REC0570,exclude,exclude,SYNTHETIC_ILLUSTRATIVE
REC0571,exclude,exclude,SYNTHETIC_ILLUSTRATIVE
REC0572,exclude,exclude,SYNTHETIC_ILLUSTRATIVE
REC0573,exclude,exclude,SYNTHETIC_ILLUSTRATIVE
REC0574,exclude,exclude,SYNTHETIC_ILLUSTRATIVE
REC0575,exclude,exclude,SYNTHETIC_ILLUSTRATIVE
REC0576,exclude,exclude,SYNTHETIC_ILLUSTRATIVE
REC0577,exclude,exclude,SYNTHETIC_ILLUSTRATIVE
REC0578,exclude,exclude,SYNTHETIC_ILLUSTRATIVE
REC0579,exclude,exclude,SYNTHETIC_ILLUSTRATIVE
REC0580,exclude,exclude,SYNTHETIC_ILLUSTRATIVE
REC0581,exclude,exclude,SYNTHETIC_ILLUSTRATIVE
REC0582,exclude,exclude,SYNTHETIC_ILLUSTRATIVE
REC0583,exclude,exclude,SYNTHETIC_ILLUSTRATIVE
REC0584,include,include,SYNTHETIC_ILLUSTRATIVE
REC0585,exclude,exclude,SYNTHETIC_ILLUSTRATIVE
REC0586,exclude,exclude,SYNTHETIC_ILLUSTRATIVE
REC0587,exclude,exclude,SYNTHETIC_ILLUSTRATIVE
REC0588,exclude,exclude,SYNTHETIC_ILLUSTRATIVE
REC0589,exclude,exclude,SYNTHETIC_ILLUSTRATIVE
REC0590,exclude,exclude,SYNTHETIC_ILLUSTRATIVE
REC0591,exclude,exclude,SYNTHETIC_ILLUSTRATIVE
REC0592,exclude,exclude,SYNTHETIC_ILLUSTRATIVE
REC0593,exclude,exclude,SYNTHETIC_ILLUSTRATIVE
REC0594,exclude,exclude,SYNTHETIC_ILLUSTRATIVE
REC0595,exclude,exclude,SYNTHETIC_ILLUSTRATIVE
REC0596,exclude,exclude,SYNTHETIC_ILLUSTRATIVE
REC0597,exclude,exclude,SYNTHETIC_ILLUSTRATIVE
REC0598,exclude,exclude,SYNTHETIC_ILLUSTRATIVE
REC0599,exclude,exclude,SYNTHETIC_ILLUSTRATIVE
REC0600,exclude,exclude,SYNTHETIC_ILLUSTRATIVE
REC0601,exclude,exclude,SYNTHETIC_ILLUSTRATIVE
REC0602,exclude,exclude,SYNTHETIC_ILLUSTRATIVE
REC0603,exclude,exclude,SYNTHETIC_ILLUSTRATIVE
REC0604,exclude,exclude,SYNTHETIC_ILLUSTRATIVE
REC0605,exclude,exclude,SYNTHETIC_ILLUSTRATIVE
REC0606,exclude,exclude,SYNTHETIC_ILLUSTRATIVE
REC0607,exclude,exclude,SYNTHETIC_ILLUSTRATIVE
REC0608,exclude,exclude,SYNTHETIC_ILLUSTRATIVE
REC0609,exclude,exclude,SYNTHETIC_ILLUSTRATIVE
REC0610,exclude,exclude,SYNTHETIC_ILLUSTRATIVE
REC0611,exclude,exclude,SYNTHETIC_ILLUSTRATIVE
REC0612,exclude,exclude,SYNTHETIC_ILLUSTRATIVE
REC0613,exclude,exclude,SYNTHETIC_ILLUSTRATIVE
REC0614,exclude,exclude,SYNTHETIC_ILLUSTRATIVE
REC0615,exclude,exclude,SYNTHETIC_ILLUSTRATIVE
REC0616,exclude,exclude,SYNTHETIC_ILLUSTRATIVE
REC0617,exclude,exclude,SYNTHETIC_ILLUSTRATIVE
REC0618,exclude,exclude,SYNTHETIC_ILLUSTRATIVE
REC0619,exclude,exclude,SYNTHETIC_ILLUSTRATIVE
REC0620,exclude,exclude,SYNTHETIC_ILLUSTRATIVE
REC0621,include,exclude,SYNTHETIC_ILLUSTRATIVE
REC0622,exclude,exclude,SYNTHETIC_ILLUSTRATIVE
REC0623,exclude,exclude,SYNTHETIC_ILLUSTRATIVE
REC0624,exclude,exclude,SYNTHETIC_ILLUSTRATIVE
REC0625,exclude,exclude,SYNTHETIC_ILLUSTRATIVE
REC0626,exclude,exclude,SYNTHETIC_ILLUSTRATIVE
REC0627,exclude,exclude,SYNTHETIC_ILLUSTRATIVE
REC0628,exclude,exclude,SYNTHETIC_ILLUSTRATIVE
REC0629,exclude,exclude,SYNTHETIC_ILLUSTRATIVE
REC0630,include,exclude,SYNTHETIC_ILLUSTRATIVE
REC0631,exclude,exclude,SYNTHETIC_ILLUSTRATIVE
REC0632,exclude,exclude,SYNTHETIC_ILLUSTRATIVE
REC0633,exclude,exclude,SYNTHETIC_ILLUSTRATIVE
REC0634,exclude,exclude,SYNTHETIC_ILLUSTRATIVE
REC0635,exclude,exclude,SYNTHETIC_ILLUSTRATIVE
REC0636,exclude,exclude,SYNTHETIC_ILLUSTRATIVE
REC0637,exclude,exclude,SYNTHETIC_ILLUSTRATIVE
REC0638,exclude,exclude,SYNTHETIC_ILLUSTRATIVE
REC0639,exclude,exclude,SYNTHETIC_ILLUSTRATIVE
REC0640,exclude,exclude,SYNTHETIC_ILLUSTRATIVE
REC0641,exclude,exclude,SYNTHETIC_ILLUSTRATIVE
REC0642,include,exclude,SYNTHETIC_ILLUSTRATIVE
REC0643,exclude,exclude,SYNTHETIC_ILLUSTRATIVE
REC0644,exclude,include,SYNTHETIC_ILLUSTRATIVE
REC0645,exclude,exclude,SYNTHETIC_ILLUSTRATIVE
REC0646,exclude,exclude,SYNTHETIC_ILLUSTRATIVE
REC0647,exclude,exclude,SYNTHETIC_ILLUSTRATIVE
REC0648,exclude,exclude,SYNTHETIC_ILLUSTRATIVE
REC0649,include,include,SYNTHETIC_ILLUSTRATIVE
REC0650,exclude,exclude,SYNTHETIC_ILLUSTRATIVE
REC0651,include,include,SYNTHETIC_ILLUSTRATIVE
REC0652,exclude,exclude,SYNTHETIC_ILLUSTRATIVE
REC0653,exclude,exclude,SYNTHETIC_ILLUSTRATIVE
REC0654,exclude,exclude,SYNTHETIC_ILLUSTRATIVE
REC0655,exclude,exclude,SYNTHETIC_ILLUSTRATIVE
REC0656,exclude,exclude,SYNTHETIC_ILLUSTRATIVE
REC0657,exclude,exclude,SYNTHETIC_ILLUSTRATIVE
REC0658,exclude,exclude,SYNTHETIC_ILLUSTRATIVE
REC0659,exclude,exclude,SYNTHETIC_ILLUSTRATIVE
REC0660,exclude,include,SYNTHETIC_ILLUSTRATIVE
REC0661,exclude,exclude,SYNTHETIC_ILLUSTRATIVE
REC0662,exclude,exclude,SYNTHETIC_ILLUSTRATIVE
REC0663,exclude,exclude,SYNTHETIC_ILLUSTRATIVE
REC0664,exclude,exclude,SYNTHETIC_ILLUSTRATIVE
REC0665,exclude,exclude,SYNTHETIC_ILLUSTRATIVE
REC0666,exclude,exclude,SYNTHETIC_ILLUSTRATIVE
REC0667,exclude,exclude,SYNTHETIC_ILLUSTRATIVE
REC0668,exclude,exclude,SYNTHETIC_ILLUSTRATIVE
REC0669,exclude,exclude,SYNTHETIC_ILLUSTRATIVE
REC0670,exclude,exclude,SYNTHETIC_ILLUSTRATIVE
REC0671,exclude,exclude,SYNTHETIC_ILLUSTRATIVE
REC0672,exclude,exclude,SYNTHETIC_ILLUSTRATIVE
REC0673,exclude,exclude,SYNTHETIC_ILLUSTRATIVE
REC0674,exclude,exclude,SYNTHETIC_ILLUSTRATIVE
REC0675,include,include,SYNTHETIC_ILLUSTRATIVE
REC0676,exclude,exclude,SYNTHETIC_ILLUSTRATIVE
REC0677,exclude,exclude,SYNTHETIC_ILLUSTRATIVE
REC0678,exclude,exclude,SYNTHETIC_ILLUSTRATIVE
REC0679,exclude,exclude,SYNTHETIC_ILLUSTRATIVE
REC0680,exclude,exclude,SYNTHETIC_ILLUSTRATIVE
REC0681,exclude,exclude,SYNTHETIC_ILLUSTRATIVE
REC0682,exclude,exclude,SYNTHETIC_ILLUSTRATIVE
REC0683,exclude,exclude,SYNTHETIC_ILLUSTRATIVE
REC0684,exclude,exclude,SYNTHETIC_ILLUSTRATIVE
REC0685,exclude,exclude,SYNTHETIC_ILLUSTRATIVE
REC0686,exclude,exclude,SYNTHETIC_ILLUSTRATIVE
REC0687,exclude,exclude,SYNTHETIC_ILLUSTRATIVE
REC0688,exclude,exclude,SYNTHETIC_ILLUSTRATIVE
REC0689,exclude,exclude,SYNTHETIC_ILLUSTRATIVE
REC0690,exclude,exclude,SYNTHETIC_ILLUSTRATIVE
REC0691,exclude,exclude,SYNTHETIC_ILLUSTRATIVE
REC0692,exclude,exclude,SYNTHETIC_ILLUSTRATIVE
REC0693,exclude,exclude,SYNTHETIC_ILLUSTRATIVE
REC0694,exclude,exclude,SYNTHETIC_ILLUSTRATIVE
REC0695,exclude,include,SYNTHETIC_ILLUSTRATIVE
REC0696,exclude,exclude,SYNTHETIC_ILLUSTRATIVE
REC0697,exclude,exclude,SYNTHETIC_ILLUSTRATIVE
REC0698,exclude,exclude,SYNTHETIC_ILLUSTRATIVE
REC0699,exclude,exclude,SYNTHETIC_ILLUSTRATIVE
REC0700,exclude,exclude,SYNTHETIC_ILLUSTRATIVE
REC0701,exclude,exclude,SYNTHETIC_ILLUSTRATIVE
REC0702,exclude,exclude,SYNTHETIC_ILLUSTRATIVE
REC0703,exclude,exclude,SYNTHETIC_ILLUSTRATIVE
REC0704,exclude,exclude,SYNTHETIC_ILLUSTRATIVE
REC0705,exclude,exclude,SYNTHETIC_ILLUSTRATIVE
REC0706,exclude,exclude,SYNTHETIC_ILLUSTRATIVE
REC0707,exclude,exclude,SYNTHETIC_ILLUSTRATIVE
REC0708,exclude,exclude,SYNTHETIC_ILLUSTRATIVE
REC0709,exclude,exclude,SYNTHETIC_ILLUSTRATIVE
REC0710,exclude,exclude,SYNTHETIC_ILLUSTRATIVE
REC0711,exclude,exclude,SYNTHETIC_ILLUSTRATIVE
REC0712,exclude,exclude,SYNTHETIC_ILLUSTRATIVE
REC0713,exclude,exclude,SYNTHETIC_ILLUSTRATIVE
REC0714,exclude,exclude,SYNTHETIC_ILLUSTRATIVE
REC0715,include,exclude,SYNTHETIC_ILLUSTRATIVE
REC0716,exclude,exclude,SYNTHETIC_ILLUSTRATIVE
REC0717,exclude,exclude,SYNTHETIC_ILLUSTRATIVE
REC0718,exclude,exclude,SYNTHETIC_ILLUSTRATIVE
REC0719,exclude,exclude,SYNTHETIC_ILLUSTRATIVE
REC0720,exclude,exclude,SYNTHETIC_ILLUSTRATIVE
REC0721,exclude,exclude,SYNTHETIC_ILLUSTRATIVE
REC0722,exclude,exclude,SYNTHETIC_ILLUSTRATIVE
REC0723,exclude,exclude,SYNTHETIC_ILLUSTRATIVE
REC0724,exclude,exclude,SYNTHETIC_ILLUSTRATIVE
REC0725,include,include,SYNTHETIC_ILLUSTRATIVE
REC0726,include,exclude,SYNTHETIC_ILLUSTRATIVE
REC0727,exclude,exclude,SYNTHETIC_ILLUSTRATIVE
REC0728,include,include,SYNTHETIC_ILLUSTRATIVE
REC0729,exclude,exclude,SYNTHETIC_ILLUSTRATIVE
REC0730,exclude,exclude,SYNTHETIC_ILLUSTRATIVE
REC0731,exclude,exclude,SYNTHETIC_ILLUSTRATIVE
REC0732,exclude,exclude,SYNTHETIC_ILLUSTRATIVE
REC0733,exclude,exclude,SYNTHETIC_ILLUSTRATIVE
REC0734,exclude,exclude,SYNTHETIC_ILLUSTRATIVE
REC0735,exclude,exclude,SYNTHETIC_ILLUSTRATIVE
REC0736,exclude,exclude,SYNTHETIC_ILLUSTRATIVE
REC0737,include,exclude,SYNTHETIC_ILLUSTRATIVE
REC0738,exclude,exclude,SYNTHETIC_ILLUSTRATIVE
REC0739,exclude,exclude,SYNTHETIC_ILLUSTRATIVE
REC0740,exclude,exclude,SYNTHETIC_ILLUSTRATIVE
REC0741,exclude,exclude,SYNTHETIC_ILLUSTRATIVE
REC0742,exclude,exclude,SYNTHETIC_ILLUSTRATIVE
REC0743,exclude,exclude,SYNTHETIC_ILLUSTRATIVE
REC0744,exclude,exclude,SYNTHETIC_ILLUSTRATIVE
REC0745,exclude,exclude,SYNTHETIC_ILLUSTRATIVE
REC0746,exclude,exclude,SYNTHETIC_ILLUSTRATIVE
REC0747,exclude,exclude,SYNTHETIC_ILLUSTRATIVE
REC0748,exclude,exclude,SYNTHETIC_ILLUSTRATIVE
REC0749,exclude,exclude,SYNTHETIC_ILLUSTRATIVE
REC0750,exclude,exclude,SYNTHETIC_ILLUSTRATIVE
REC0751,exclude,exclude,SYNTHETIC_ILLUSTRATIVE
REC0752,exclude,exclude,SYNTHETIC_ILLUSTRATIVE
REC0753,exclude,exclude,SYNTHETIC_ILLUSTRATIVE
REC0754,exclude,include,SYNTHETIC_ILLUSTRATIVE
REC0755,exclude,exclude,SYNTHETIC_ILLUSTRATIVE
REC0756,exclude,exclude,SYNTHETIC_ILLUSTRATIVE
REC0757,exclude,exclude,SYNTHETIC_ILLUSTRATIVE
REC0758,exclude,exclude,SYNTHETIC_ILLUSTRATIVE
REC0759,exclude,exclude,SYNTHETIC_ILLUSTRATIVE
REC0760,exclude,exclude,SYNTHETIC_ILLUSTRATIVE
REC0761,exclude,exclude,SYNTHETIC_ILLUSTRATIVE
REC0762,exclude,exclude,SYNTHETIC_ILLUSTRATIVE
REC0763,exclude,exclude,SYNTHETIC_ILLUSTRATIVE
REC0764,exclude,exclude,SYNTHETIC_ILLUSTRATIVE
REC0765,exclude,exclude,SYNTHETIC_ILLUSTRATIVE
REC0766,exclude,exclude,SYNTHETIC_ILLUSTRATIVE
REC0767,exclude,exclude,SYNTHETIC_ILLUSTRATIVE
REC0768,exclude,exclude,SYNTHETIC_ILLUSTRATIVE
REC0769,include,include,SYNTHETIC_ILLUSTRATIVE
REC0770,exclude,exclude,SYNTHETIC_ILLUSTRATIVE
REC0771,exclude,exclude,SYNTHETIC_ILLUSTRATIVE
REC0772,exclude,exclude,SYNTHETIC_ILLUSTRATIVE
REC0773,exclude,exclude,SYNTHETIC_ILLUSTRATIVE
REC0774,exclude,exclude,SYNTHETIC_ILLUSTRATIVE
REC0775,exclude,include,SYNTHETIC_ILLUSTRATIVE
REC0776,exclude,exclude,SYNTHETIC_ILLUSTRATIVE
REC0777,include,exclude,SYNTHETIC_ILLUSTRATIVE
REC0778,include,exclude,SYNTHETIC_ILLUSTRATIVE
REC0779,exclude,exclude,SYNTHETIC_ILLUSTRATIVE
REC0780,include,include,SYNTHETIC_ILLUSTRATIVE
REC0781,exclude,exclude,SYNTHETIC_ILLUSTRATIVE
REC0782,exclude,exclude,SYNTHETIC_ILLUSTRATIVE
REC0783,exclude,exclude,SYNTHETIC_ILLUSTRATIVE
REC0784,exclude,exclude,SYNTHETIC_ILLUSTRATIVE
REC0785,exclude,exclude,SYNTHETIC_ILLUSTRATIVE
REC0786,exclude,exclude,SYNTHETIC_ILLUSTRATIVE
REC0787,exclude,exclude,SYNTHETIC_ILLUSTRATIVE
REC0788,exclude,exclude,SYNTHETIC_ILLUSTRATIVE
REC0789,exclude,exclude,SYNTHETIC_ILLUSTRATIVE
REC0790,exclude,exclude,SYNTHETIC_ILLUSTRATIVE
REC0791,exclude,exclude,SYNTHETIC_ILLUSTRATIVE
REC0792,exclude,exclude,SYNTHETIC_ILLUSTRATIVE
REC0793,exclude,exclude,SYNTHETIC_ILLUSTRATIVE
REC0794,exclude,exclude,SYNTHETIC_ILLUSTRATIVE
REC0795,exclude,exclude,SYNTHETIC_ILLUSTRATIVE
REC0796,exclude,exclude,SYNTHETIC_ILLUSTRATIVE
REC0797,exclude,exclude,SYNTHETIC_ILLUSTRATIVE
REC0798,exclude,exclude,SYNTHETIC_ILLUSTRATIVE
REC0799,exclude,exclude,SYNTHETIC_ILLUSTRATIVE
REC0800,exclude,exclude,SYNTHETIC_ILLUSTRATIVE
REC0801,exclude,exclude,SYNTHETIC_ILLUSTRATIVE
REC0802,exclude,exclude,SYNTHETIC_ILLUSTRATIVE
REC0803,exclude,exclude,SYNTHETIC_ILLUSTRATIVE
REC0804,exclude,exclude,SYNTHETIC_ILLUSTRATIVE
REC0805,exclude,exclude,SYNTHETIC_ILLUSTRATIVE
REC0806,exclude,exclude,SYNTHETIC_ILLUSTRATIVE
REC0807,exclude,exclude,SYNTHETIC_ILLUSTRATIVE
REC0808,exclude,exclude,SYNTHETIC_ILLUSTRATIVE
REC0809,exclude,exclude,SYNTHETIC_ILLUSTRATIVE
REC0810,exclude,exclude,SYNTHETIC_ILLUSTRATIVE
REC0811,exclude,exclude,SYNTHETIC_ILLUSTRATIVE
REC0812,exclude,exclude,SYNTHETIC_ILLUSTRATIVE
REC0813,exclude,exclude,SYNTHETIC_ILLUSTRATIVE
REC0814,exclude,exclude,SYNTHETIC_ILLUSTRATIVE
REC0815,exclude,exclude,SYNTHETIC_ILLUSTRATIVE
REC0816,exclude,exclude,SYNTHETIC_ILLUSTRATIVE
REC0817,exclude,exclude,SYNTHETIC_ILLUSTRATIVE
REC0818,exclude,exclude,SYNTHETIC_ILLUSTRATIVE
REC0819,exclude,exclude,SYNTHETIC_ILLUSTRATIVE
REC0820,exclude,exclude,SYNTHETIC_ILLUSTRATIVE
REC0821,include,exclude,SYNTHETIC_ILLUSTRATIVE
REC0822,exclude,exclude,SYNTHETIC_ILLUSTRATIVE
REC0823,exclude,exclude,SYNTHETIC_ILLUSTRATIVE
REC0824,exclude,exclude,SYNTHETIC_ILLUSTRATIVE
REC0825,exclude,exclude,SYNTHETIC_ILLUSTRATIVE
REC0826,exclude,exclude,SYNTHETIC_ILLUSTRATIVE
REC0827,exclude,exclude,SYNTHETIC_ILLUSTRATIVE
REC0828,exclude,exclude,SYNTHETIC_ILLUSTRATIVE
REC0829,exclude,exclude,SYNTHETIC_ILLUSTRATIVE
REC0830,exclude,exclude,SYNTHETIC_ILLUSTRATIVE
REC0831,exclude,exclude,SYNTHETIC_ILLUSTRATIVE
REC0832,exclude,exclude,SYNTHETIC_ILLUSTRATIVE
REC0833,exclude,exclude,SYNTHETIC_ILLUSTRATIVE
REC0834,exclude,exclude,SYNTHETIC_ILLUSTRATIVE
REC0835,exclude,exclude,SYNTHETIC_ILLUSTRATIVE
REC0836,include,exclude,SYNTHETIC_ILLUSTRATIVE
REC0837,exclude,exclude,SYNTHETIC_ILLUSTRATIVE
REC0838,exclude,exclude,SYNTHETIC_ILLUSTRATIVE
REC0839,exclude,exclude,SYNTHETIC_ILLUSTRATIVE
REC0840,exclude,exclude,SYNTHETIC_ILLUSTRATIVE
REC0841,exclude,exclude,SYNTHETIC_ILLUSTRATIVE
REC0842,exclude,exclude,SYNTHETIC_ILLUSTRATIVE
REC0843,exclude,exclude,SYNTHETIC_ILLUSTRATIVE
REC0844,exclude,exclude,SYNTHETIC_ILLUSTRATIVE
REC0845,exclude,exclude,SYNTHETIC_ILLUSTRATIVE
REC0846,exclude,exclude,SYNTHETIC_ILLUSTRATIVE
REC0847,exclude,exclude,SYNTHETIC_ILLUSTRATIVE
REC0848,exclude,exclude,SYNTHETIC_ILLUSTRATIVE
REC0849,exclude,exclude,SYNTHETIC_ILLUSTRATIVE
REC0850,exclude,exclude,SYNTHETIC_ILLUSTRATIVE
REC0851,exclude,exclude,SYNTHETIC_ILLUSTRATIVE
REC0852,exclude,exclude,SYNTHETIC_ILLUSTRATIVE
REC0853,exclude,exclude,SYNTHETIC_ILLUSTRATIVE
REC0854,exclude,exclude,SYNTHETIC_ILLUSTRATIVE
REC0855,exclude,exclude,SYNTHETIC_ILLUSTRATIVE
REC0856,exclude,exclude,SYNTHETIC_ILLUSTRATIVE
REC0857,exclude,exclude,SYNTHETIC_ILLUSTRATIVE
REC0858,exclude,exclude,SYNTHETIC_ILLUSTRATIVE
REC0859,exclude,exclude,SYNTHETIC_ILLUSTRATIVE
REC0860,exclude,exclude,SYNTHETIC_ILLUSTRATIVE
REC0861,exclude,exclude,SYNTHETIC_ILLUSTRATIVE
REC0862,exclude,exclude,SYNTHETIC_ILLUSTRATIVE
REC0863,exclude,include,SYNTHETIC_ILLUSTRATIVE
REC0864,exclude,exclude,SYNTHETIC_ILLUSTRATIVE
REC0865,exclude,exclude,SYNTHETIC_ILLUSTRATIVE
REC0866,exclude,exclude,SYNTHETIC_ILLUSTRATIVE
REC0867,exclude,exclude,SYNTHETIC_ILLUSTRATIVE
REC0868,exclude,exclude,SYNTHETIC_ILLUSTRATIVE
REC0869,exclude,exclude,SYNTHETIC_ILLUSTRATIVE
REC0870,exclude,exclude,SYNTHETIC_ILLUSTRATIVE
REC0871,include,include,SYNTHETIC_ILLUSTRATIVE
REC0872,exclude,exclude,SYNTHETIC_ILLUSTRATIVE
REC0873,exclude,exclude,SYNTHETIC_ILLUSTRATIVE
REC0874,exclude,exclude,SYNTHETIC_ILLUSTRATIVE
REC0875,exclude,exclude,SYNTHETIC_ILLUSTRATIVE
REC0876,exclude,exclude,SYNTHETIC_ILLUSTRATIVE
REC0877,exclude,exclude,SYNTHETIC_ILLUSTRATIVE
REC0878,exclude,exclude,SYNTHETIC_ILLUSTRATIVE
REC0879,exclude,exclude,SYNTHETIC_ILLUSTRATIVE
REC0880,exclude,exclude,SYNTHETIC_ILLUSTRATIVE
REC0881,exclude,exclude,SYNTHETIC_ILLUSTRATIVE
REC0882,exclude,exclude,SYNTHETIC_ILLUSTRATIVE
REC0883,exclude,exclude,SYNTHETIC_ILLUSTRATIVE
REC0884,exclude,exclude,SYNTHETIC_ILLUSTRATIVE
REC0885,exclude,exclude,SYNTHETIC_ILLUSTRATIVE
REC0886,exclude,exclude,SYNTHETIC_ILLUSTRATIVE
REC0887,exclude,exclude,SYNTHETIC_ILLUSTRATIVE
REC0888,exclude,exclude,SYNTHETIC_ILLUSTRATIVE
REC0889,exclude,exclude,SYNTHETIC_ILLUSTRATIVE
REC0890,exclude,exclude,SYNTHETIC_ILLUSTRATIVE
REC0891,exclude,exclude,SYNTHETIC_ILLUSTRATIVE
REC0892,exclude,exclude,SYNTHETIC_ILLUSTRATIVE
REC0893,exclude,exclude,SYNTHETIC_ILLUSTRATIVE
REC0894,exclude,exclude,SYNTHETIC_ILLUSTRATIVE
REC0895,exclude,exclude,SYNTHETIC_ILLUSTRATIVE
REC0896,exclude,exclude,SYNTHETIC_ILLUSTRATIVE
REC0897,exclude,exclude,SYNTHETIC_ILLUSTRATIVE
REC0898,exclude,exclude,SYNTHETIC_ILLUSTRATIVE
REC0899,exclude,exclude,SYNTHETIC_ILLUSTRATIVE
REC0900,exclude,exclude,SYNTHETIC_ILLUSTRATIVE
REC0901,exclude,exclude,SYNTHETIC_ILLUSTRATIVE
REC0902,exclude,exclude,SYNTHETIC_ILLUSTRATIVE
REC0903,exclude,exclude,SYNTHETIC_ILLUSTRATIVE
REC0904,exclude,exclude,SYNTHETIC_ILLUSTRATIVE
REC0905,exclude,exclude,SYNTHETIC_ILLUSTRATIVE
REC0906,exclude,exclude,SYNTHETIC_ILLUSTRATIVE
REC0907,exclude,exclude,SYNTHETIC_ILLUSTRATIVE
REC0908,include,include,SYNTHETIC_ILLUSTRATIVE
REC0909,exclude,exclude,SYNTHETIC_ILLUSTRATIVE
REC0910,exclude,exclude,SYNTHETIC_ILLUSTRATIVE
REC0911,exclude,exclude,SYNTHETIC_ILLUSTRATIVE
REC0912,exclude,exclude,SYNTHETIC_ILLUSTRATIVE
REC0913,exclude,exclude,SYNTHETIC_ILLUSTRATIVE
REC0914,exclude,exclude,SYNTHETIC_ILLUSTRATIVE
REC0915,include,exclude,SYNTHETIC_ILLUSTRATIVE
REC0916,exclude,exclude,SYNTHETIC_ILLUSTRATIVE
REC0917,exclude,exclude,SYNTHETIC_ILLUSTRATIVE
REC0918,exclude,exclude,SYNTHETIC_ILLUSTRATIVE
REC0919,exclude,exclude,SYNTHETIC_ILLUSTRATIVE
REC0920,exclude,exclude,SYNTHETIC_ILLUSTRATIVE
REC0921,exclude,exclude,SYNTHETIC_ILLUSTRATIVE
REC0922,exclude,exclude,SYNTHETIC_ILLUSTRATIVE
REC0923,exclude,exclude,SYNTHETIC_ILLUSTRATIVE
REC0924,exclude,include,SYNTHETIC_ILLUSTRATIVE
REC0925,exclude,exclude,SYNTHETIC_ILLUSTRATIVE
REC0926,exclude,exclude,SYNTHETIC_ILLUSTRATIVE
REC0927,exclude,exclude,SYNTHETIC_ILLUSTRATIVE
REC0928,exclude,exclude,SYNTHETIC_ILLUSTRATIVE
REC0929,exclude,exclude,SYNTHETIC_ILLUSTRATIVE
REC0930,exclude,exclude,SYNTHETIC_ILLUSTRATIVE
REC0931,exclude,exclude,SYNTHETIC_ILLUSTRATIVE
REC0932,include,include,SYNTHETIC_ILLUSTRATIVE
REC0933,exclude,exclude,SYNTHETIC_ILLUSTRATIVE
REC0934,exclude,exclude,SYNTHETIC_ILLUSTRATIVE
REC0935,exclude,exclude,SYNTHETIC_ILLUSTRATIVE
REC0936,exclude,exclude,SYNTHETIC_ILLUSTRATIVE
REC0937,exclude,exclude,SYNTHETIC_ILLUSTRATIVE
REC0938,exclude,exclude,SYNTHETIC_ILLUSTRATIVE
REC0939,exclude,exclude,SYNTHETIC_ILLUSTRATIVE
REC0940,exclude,exclude,SYNTHETIC_ILLUSTRATIVE
REC0941,exclude,exclude,SYNTHETIC_ILLUSTRATIVE
REC0942,exclude,exclude,SYNTHETIC_ILLUSTRATIVE
REC0943,exclude,exclude,SYNTHETIC_ILLUSTRATIVE
REC0944,exclude,exclude,SYNTHETIC_ILLUSTRATIVE
REC0945,exclude,exclude,SYNTHETIC_ILLUSTRATIVE
REC0946,exclude,exclude,SYNTHETIC_ILLUSTRATIVE
REC0947,exclude,exclude,SYNTHETIC_ILLUSTRATIVE
REC0948,exclude,exclude,SYNTHETIC_ILLUSTRATIVE
REC0949,exclude,exclude,SYNTHETIC_ILLUSTRATIVE
REC0950,exclude,exclude,SYNTHETIC_ILLUSTRATIVE
REC0951,exclude,exclude,SYNTHETIC_ILLUSTRATIVE
REC0952,exclude,exclude,SYNTHETIC_ILLUSTRATIVE
REC0953,exclude,exclude,SYNTHETIC_ILLUSTRATIVE
REC0954,exclude,exclude,SYNTHETIC_ILLUSTRATIVE
REC0955,include,exclude,SYNTHETIC_ILLUSTRATIVE
REC0956,exclude,exclude,SYNTHETIC_ILLUSTRATIVE
REC0957,exclude,exclude,SYNTHETIC_ILLUSTRATIVE
REC0958,exclude,exclude,SYNTHETIC_ILLUSTRATIVE
REC0959,exclude,exclude,SYNTHETIC_ILLUSTRATIVE
REC0960,include,exclude,SYNTHETIC_ILLUSTRATIVE
REC0961,exclude,exclude,SYNTHETIC_ILLUSTRATIVE
REC0962,exclude,exclude,SYNTHETIC_ILLUSTRATIVE
REC0963,exclude,exclude,SYNTHETIC_ILLUSTRATIVE
REC0964,exclude,exclude,SYNTHETIC_ILLUSTRATIVE
REC0965,exclude,exclude,SYNTHETIC_ILLUSTRATIVE
REC0966,exclude,exclude,SYNTHETIC_ILLUSTRATIVE
REC0967,exclude,exclude,SYNTHETIC_ILLUSTRATIVE
REC0968,exclude,exclude,SYNTHETIC_ILLUSTRATIVE
REC0969,exclude,exclude,SYNTHETIC_ILLUSTRATIVE
REC0970,exclude,exclude,SYNTHETIC_ILLUSTRATIVE
REC0971,include,exclude,SYNTHETIC_ILLUSTRATIVE
REC0972,exclude,exclude,SYNTHETIC_ILLUSTRATIVE
REC0973,exclude,exclude,SYNTHETIC_ILLUSTRATIVE
REC0974,exclude,exclude,SYNTHETIC_ILLUSTRATIVE
REC0975,exclude,exclude,SYNTHETIC_ILLUSTRATIVE
REC0976,exclude,exclude,SYNTHETIC_ILLUSTRATIVE
REC0977,exclude,exclude,SYNTHETIC_ILLUSTRATIVE
REC0978,exclude,exclude,SYNTHETIC_ILLUSTRATIVE
REC0979,exclude,exclude,SYNTHETIC_ILLUSTRATIVE
REC0980,exclude,exclude,SYNTHETIC_ILLUSTRATIVE
REC0981,exclude,exclude,SYNTHETIC_ILLUSTRATIVE
REC0982,exclude,exclude,SYNTHETIC_ILLUSTRATIVE
REC0983,exclude,exclude,SYNTHETIC_ILLUSTRATIVE
REC0984,exclude,exclude,SYNTHETIC_ILLUSTRATIVE
REC0985,exclude,exclude,SYNTHETIC_ILLUSTRATIVE
REC0986,exclude,exclude,SYNTHETIC_ILLUSTRATIVE
REC0987,exclude,exclude,SYNTHETIC_ILLUSTRATIVE
REC0988,exclude,exclude,SYNTHETIC_ILLUSTRATIVE
REC0989,exclude,exclude,SYNTHETIC_ILLUSTRATIVE
REC0990,exclude,exclude,SYNTHETIC_ILLUSTRATIVE
REC0991,exclude,exclude,SYNTHETIC_ILLUSTRATIVE
REC0992,exclude,exclude,SYNTHETIC_ILLUSTRATIVE
REC0993,exclude,exclude,SYNTHETIC_ILLUSTRATIVE
REC0994,exclude,exclude,SYNTHETIC_ILLUSTRATIVE
REC0995,exclude,exclude,SYNTHETIC_ILLUSTRATIVE
REC0996,exclude,exclude,SYNTHETIC_ILLUSTRATIVE
REC0997,exclude,exclude,SYNTHETIC_ILLUSTRATIVE
REC0998,exclude,exclude,SYNTHETIC_ILLUSTRATIVE
REC0999,exclude,exclude,SYNTHETIC_ILLUSTRATIVE
REC1000,exclude,exclude,SYNTHETIC_ILLUSTRATIVE
REC1001,exclude,exclude,SYNTHETIC_ILLUSTRATIVE
REC1002,exclude,exclude,SYNTHETIC_ILLUSTRATIVE
REC1003,exclude,exclude,SYNTHETIC_ILLUSTRATIVE
REC1004,exclude,exclude,SYNTHETIC_ILLUSTRATIVE
REC1005,exclude,exclude,SYNTHETIC_ILLUSTRATIVE
REC1006,exclude,exclude,SYNTHETIC_ILLUSTRATIVE
REC1007,exclude,exclude,SYNTHETIC_ILLUSTRATIVE
REC1008,exclude,exclude,SYNTHETIC_ILLUSTRATIVE
REC1009,exclude,exclude,SYNTHETIC_ILLUSTRATIVE
REC1010,exclude,exclude,SYNTHETIC_ILLUSTRATIVE
REC1011,exclude,exclude,SYNTHETIC_ILLUSTRATIVE
REC1012,exclude,exclude,SYNTHETIC_ILLUSTRATIVE
REC1013,exclude,exclude,SYNTHETIC_ILLUSTRATIVE
REC1014,exclude,exclude,SYNTHETIC_ILLUSTRATIVE
REC1015,exclude,exclude,SYNTHETIC_ILLUSTRATIVE
REC1016,exclude,exclude,SYNTHETIC_ILLUSTRATIVE
REC1017,exclude,exclude,SYNTHETIC_ILLUSTRATIVE
REC1018,exclude,exclude,SYNTHETIC_ILLUSTRATIVE
REC1019,exclude,exclude,SYNTHETIC_ILLUSTRATIVE
REC1020,include,include,SYNTHETIC_ILLUSTRATIVE
REC1021,exclude,exclude,SYNTHETIC_ILLUSTRATIVE
REC1022,exclude,exclude,SYNTHETIC_ILLUSTRATIVE
REC1023,exclude,exclude,SYNTHETIC_ILLUSTRATIVE
REC1024,include,include,SYNTHETIC_ILLUSTRATIVE
REC1025,exclude,exclude,SYNTHETIC_ILLUSTRATIVE
REC1026,exclude,exclude,SYNTHETIC_ILLUSTRATIVE
REC1027,exclude,exclude,SYNTHETIC_ILLUSTRATIVE
REC1028,exclude,exclude,SYNTHETIC_ILLUSTRATIVE
REC1029,exclude,exclude,SYNTHETIC_ILLUSTRATIVE
REC1030,exclude,exclude,SYNTHETIC_ILLUSTRATIVE
REC1031,exclude,exclude,SYNTHETIC_ILLUSTRATIVE
REC1032,exclude,exclude,SYNTHETIC_ILLUSTRATIVE
REC1033,exclude,exclude,SYNTHETIC_ILLUSTRATIVE
REC1034,exclude,exclude,SYNTHETIC_ILLUSTRATIVE
REC1035,exclude,exclude,SYNTHETIC_ILLUSTRATIVE
REC1036,exclude,exclude,SYNTHETIC_ILLUSTRATIVE
REC1037,exclude,exclude,SYNTHETIC_ILLUSTRATIVE
REC1038,exclude,exclude,SYNTHETIC_ILLUSTRATIVE
REC1039,exclude,exclude,SYNTHETIC_ILLUSTRATIVE
REC1040,exclude,exclude,SYNTHETIC_ILLUSTRATIVE
REC1041,exclude,exclude,SYNTHETIC_ILLUSTRATIVE
REC1042,exclude,exclude,SYNTHETIC_ILLUSTRATIVE
REC1043,exclude,exclude,SYNTHETIC_ILLUSTRATIVE
REC1044,exclude,exclude,SYNTHETIC_ILLUSTRATIVE
REC1045,exclude,exclude,SYNTHETIC_ILLUSTRATIVE
REC1046,exclude,exclude,SYNTHETIC_ILLUSTRATIVE
REC1047,exclude,exclude,SYNTHETIC_ILLUSTRATIVE
REC1048,exclude,exclude,SYNTHETIC_ILLUSTRATIVE
REC1049,exclude,exclude,SYNTHETIC_ILLUSTRATIVE
REC1050,exclude,exclude,SYNTHETIC_ILLUSTRATIVE
REC1051,exclude,exclude,SYNTHETIC_ILLUSTRATIVE
REC1052,exclude,exclude,SYNTHETIC_ILLUSTRATIVE
REC1053,exclude,exclude,SYNTHETIC_ILLUSTRATIVE
REC1054,exclude,exclude,SYNTHETIC_ILLUSTRATIVE
REC1055,exclude,exclude,SYNTHETIC_ILLUSTRATIVE
REC1056,exclude,exclude,SYNTHETIC_ILLUSTRATIVE
REC1057,include,include,SYNTHETIC_ILLUSTRATIVE
REC1058,exclude,exclude,SYNTHETIC_ILLUSTRATIVE
REC1059,exclude,exclude,SYNTHETIC_ILLUSTRATIVE
REC1060,exclude,exclude,SYNTHETIC_ILLUSTRATIVE
REC1061,exclude,include,SYNTHETIC_ILLUSTRATIVE
REC1062,exclude,exclude,SYNTHETIC_ILLUSTRATIVE
REC1063,exclude,exclude,SYNTHETIC_ILLUSTRATIVE
REC1064,exclude,exclude,SYNTHETIC_ILLUSTRATIVE
REC1065,include,exclude,SYNTHETIC_ILLUSTRATIVE
REC1066,exclude,exclude,SYNTHETIC_ILLUSTRATIVE
REC1067,exclude,exclude,SYNTHETIC_ILLUSTRATIVE
REC1068,exclude,exclude,SYNTHETIC_ILLUSTRATIVE
REC1069,exclude,exclude,SYNTHETIC_ILLUSTRATIVE
REC1070,exclude,exclude,SYNTHETIC_ILLUSTRATIVE
REC1071,exclude,exclude,SYNTHETIC_ILLUSTRATIVE
REC1072,exclude,exclude,SYNTHETIC_ILLUSTRATIVE
REC1073,exclude,exclude,SYNTHETIC_ILLUSTRATIVE
REC1074,exclude,exclude,SYNTHETIC_ILLUSTRATIVE
REC1075,exclude,exclude,SYNTHETIC_ILLUSTRATIVE
REC1076,exclude,exclude,SYNTHETIC_ILLUSTRATIVE
REC1077,exclude,exclude,SYNTHETIC_ILLUSTRATIVE
REC1078,exclude,exclude,SYNTHETIC_ILLUSTRATIVE
REC1079,exclude,exclude,SYNTHETIC_ILLUSTRATIVE
REC1080,include,exclude,SYNTHETIC_ILLUSTRATIVE
REC1081,exclude,exclude,SYNTHETIC_ILLUSTRATIVE
REC1082,exclude,exclude,SYNTHETIC_ILLUSTRATIVE
REC1083,exclude,exclude,SYNTHETIC_ILLUSTRATIVE
REC1084,exclude,exclude,SYNTHETIC_ILLUSTRATIVE
REC1085,exclude,exclude,SYNTHETIC_ILLUSTRATIVE
REC1086,exclude,exclude,SYNTHETIC_ILLUSTRATIVE
REC1087,exclude,exclude,SYNTHETIC_ILLUSTRATIVE
REC1088,exclude,exclude,SYNTHETIC_ILLUSTRATIVE
REC1089,include,include,SYNTHETIC_ILLUSTRATIVE
REC1090,exclude,exclude,SYNTHETIC_ILLUSTRATIVE
REC1091,exclude,exclude,SYNTHETIC_ILLUSTRATIVE
REC1092,exclude,exclude,SYNTHETIC_ILLUSTRATIVE
REC1093,exclude,exclude,SYNTHETIC_ILLUSTRATIVE
REC1094,exclude,exclude,SYNTHETIC_ILLUSTRATIVE
REC1095,exclude,exclude,SYNTHETIC_ILLUSTRATIVE
REC1096,exclude,exclude,SYNTHETIC_ILLUSTRATIVE
REC1097,exclude,exclude,SYNTHETIC_ILLUSTRATIVE
REC1098,exclude,exclude,SYNTHETIC_ILLUSTRATIVE
REC1099,exclude,exclude,SYNTHETIC_ILLUSTRATIVE
REC1100,exclude,exclude,SYNTHETIC_ILLUSTRATIVE
REC1101,exclude,exclude,SYNTHETIC_ILLUSTRATIVE
REC1102,exclude,exclude,SYNTHETIC_ILLUSTRATIVE
REC1103,exclude,exclude,SYNTHETIC_ILLUSTRATIVE
REC1104,exclude,exclude,SYNTHETIC_ILLUSTRATIVE
REC1105,exclude,exclude,SYNTHETIC_ILLUSTRATIVE
REC1106,exclude,exclude,SYNTHETIC_ILLUSTRATIVE
REC1107,exclude,exclude,SYNTHETIC_ILLUSTRATIVE
REC1108,exclude,exclude,SYNTHETIC_ILLUSTRATIVE
REC1109,exclude,exclude,SYNTHETIC_ILLUSTRATIVE
REC1110,exclude,exclude,SYNTHETIC_ILLUSTRATIVE
REC1111,exclude,exclude,SYNTHETIC_ILLUSTRATIVE
REC1112,exclude,exclude,SYNTHETIC_ILLUSTRATIVE
REC1113,exclude,exclude,SYNTHETIC_ILLUSTRATIVE
REC1114,exclude,exclude,SYNTHETIC_ILLUSTRATIVE
REC1115,include,include,SYNTHETIC_ILLUSTRATIVE
REC1116,exclude,exclude,SYNTHETIC_ILLUSTRATIVE
REC1117,exclude,exclude,SYNTHETIC_ILLUSTRATIVE
REC1118,exclude,exclude,SYNTHETIC_ILLUSTRATIVE
REC1119,exclude,exclude,SYNTHETIC_ILLUSTRATIVE
REC1120,exclude,exclude,SYNTHETIC_ILLUSTRATIVE
REC1121,exclude,exclude,SYNTHETIC_ILLUSTRATIVE
REC1122,exclude,exclude,SYNTHETIC_ILLUSTRATIVE
REC1123,exclude,exclude,SYNTHETIC_ILLUSTRATIVE
REC1124,exclude,exclude,SYNTHETIC_ILLUSTRATIVE
REC1125,exclude,exclude,SYNTHETIC_ILLUSTRATIVE
REC1126,exclude,exclude,SYNTHETIC_ILLUSTRATIVE
REC1127,exclude,exclude,SYNTHETIC_ILLUSTRATIVE
REC1128,exclude,exclude,SYNTHETIC_ILLUSTRATIVE
REC1129,exclude,exclude,SYNTHETIC_ILLUSTRATIVE
REC1130,exclude,exclude,SYNTHETIC_ILLUSTRATIVE
REC1131,exclude,exclude,SYNTHETIC_ILLUSTRATIVE
REC1132,exclude,exclude,SYNTHETIC_ILLUSTRATIVE
REC1133,exclude,exclude,SYNTHETIC_ILLUSTRATIVE
REC1134,exclude,exclude,SYNTHETIC_ILLUSTRATIVE
REC1135,exclude,exclude,SYNTHETIC_ILLUSTRATIVE
REC1136,exclude,exclude,SYNTHETIC_ILLUSTRATIVE
REC1137,exclude,exclude,SYNTHETIC_ILLUSTRATIVE
REC1138,exclude,exclude,SYNTHETIC_ILLUSTRATIVE
REC1139,exclude,exclude,SYNTHETIC_ILLUSTRATIVE
REC1140,exclude,exclude,SYNTHETIC_ILLUSTRATIVE
REC1141,exclude,exclude,SYNTHETIC_ILLUSTRATIVE
REC1142,exclude,exclude,SYNTHETIC_ILLUSTRATIVE
REC1143,exclude,exclude,SYNTHETIC_ILLUSTRATIVE
REC1144,exclude,exclude,SYNTHETIC_ILLUSTRATIVE
REC1145,include,exclude,SYNTHETIC_ILLUSTRATIVE
REC1146,exclude,exclude,SYNTHETIC_ILLUSTRATIVE
REC1147,exclude,exclude,SYNTHETIC_ILLUSTRATIVE
REC1148,exclude,exclude,SYNTHETIC_ILLUSTRATIVE
REC1149,exclude,exclude,SYNTHETIC_ILLUSTRATIVE
REC1150,exclude,exclude,SYNTHETIC_ILLUSTRATIVE
REC1151,exclude,exclude,SYNTHETIC_ILLUSTRATIVE
REC1152,exclude,exclude,SYNTHETIC_ILLUSTRATIVE
REC1153,exclude,exclude,SYNTHETIC_ILLUSTRATIVE
REC1154,exclude,exclude,SYNTHETIC_ILLUSTRATIVE
REC1155,exclude,exclude,SYNTHETIC_ILLUSTRATIVE
REC1156,include,include,SYNTHETIC_ILLUSTRATIVE
REC1157,exclude,exclude,SYNTHETIC_ILLUSTRATIVE
REC1158,include,exclude,SYNTHETIC_ILLUSTRATIVE
REC1159,exclude,exclude,SYNTHETIC_ILLUSTRATIVE
REC1160,exclude,exclude,SYNTHETIC_ILLUSTRATIVE
REC1161,exclude,exclude,SYNTHETIC_ILLUSTRATIVE
REC1162,exclude,exclude,SYNTHETIC_ILLUSTRATIVE
REC1163,include,exclude,SYNTHETIC_ILLUSTRATIVE
REC1164,exclude,exclude,SYNTHETIC_ILLUSTRATIVE
REC1165,exclude,exclude,SYNTHETIC_ILLUSTRATIVE
REC1166,exclude,exclude,SYNTHETIC_ILLUSTRATIVE
REC1167,exclude,exclude,SYNTHETIC_ILLUSTRATIVE
REC1168,exclude,exclude,SYNTHETIC_ILLUSTRATIVE
REC1169,exclude,exclude,SYNTHETIC_ILLUSTRATIVE
REC1170,exclude,exclude,SYNTHETIC_ILLUSTRATIVE
REC1171,exclude,exclude,SYNTHETIC_ILLUSTRATIVE
REC1172,exclude,exclude,SYNTHETIC_ILLUSTRATIVE
REC1173,exclude,exclude,SYNTHETIC_ILLUSTRATIVE
REC1174,exclude,exclude,SYNTHETIC_ILLUSTRATIVE
REC1175,exclude,include,SYNTHETIC_ILLUSTRATIVE
REC1176,exclude,exclude,SYNTHETIC_ILLUSTRATIVE
REC1177,exclude,exclude,SYNTHETIC_ILLUSTRATIVE
REC1178,exclude,exclude,SYNTHETIC_ILLUSTRATIVE
REC1179,exclude,exclude,SYNTHETIC_ILLUSTRATIVE
REC1180,exclude,exclude,SYNTHETIC_ILLUSTRATIVE
REC1181,exclude,exclude,SYNTHETIC_ILLUSTRATIVE
REC1182,exclude,exclude,SYNTHETIC_ILLUSTRATIVE
REC1183,exclude,exclude,SYNTHETIC_ILLUSTRATIVE
REC1184,exclude,exclude,SYNTHETIC_ILLUSTRATIVE
REC1185,exclude,exclude,SYNTHETIC_ILLUSTRATIVE
REC1186,exclude,exclude,SYNTHETIC_ILLUSTRATIVE
REC1187,exclude,exclude,SYNTHETIC_ILLUSTRATIVE
REC1188,exclude,exclude,SYNTHETIC_ILLUSTRATIVE
REC1189,exclude,exclude,SYNTHETIC_ILLUSTRATIVE
REC1190,include,exclude,SYNTHETIC_ILLUSTRATIVE
REC1191,exclude,exclude,SYNTHETIC_ILLUSTRATIVE
REC1192,exclude,exclude,SYNTHETIC_ILLUSTRATIVE
REC1193,include,exclude,SYNTHETIC_ILLUSTRATIVE
REC1194,exclude,exclude,SYNTHETIC_ILLUSTRATIVE
REC1195,exclude,exclude,SYNTHETIC_ILLUSTRATIVE
REC1196,exclude,exclude,SYNTHETIC_ILLUSTRATIVE
REC1197,exclude,exclude,SYNTHETIC_ILLUSTRATIVE
REC1198,exclude,exclude,SYNTHETIC_ILLUSTRATIVE
REC1199,exclude,exclude,SYNTHETIC_ILLUSTRATIVE
REC1200,exclude,exclude,SYNTHETIC_ILLUSTRATIVE
REC1201,exclude,exclude,SYNTHETIC_ILLUSTRATIVE
REC1202,exclude,exclude,SYNTHETIC_ILLUSTRATIVE
REC1203,exclude,exclude,SYNTHETIC_ILLUSTRATIVE
REC1204,exclude,exclude,SYNTHETIC_ILLUSTRATIVE
REC1205,exclude,exclude,SYNTHETIC_ILLUSTRATIVE
REC1206,exclude,exclude,SYNTHETIC_ILLUSTRATIVE
REC1207,exclude,exclude,SYNTHETIC_ILLUSTRATIVE
REC1208,exclude,exclude,SYNTHETIC_ILLUSTRATIVE
REC1209,exclude,exclude,SYNTHETIC_ILLUSTRATIVE
REC1210,exclude,exclude,SYNTHETIC_ILLUSTRATIVE
REC1211,exclude,exclude,SYNTHETIC_ILLUSTRATIVE
REC1212,exclude,exclude,SYNTHETIC_ILLUSTRATIVE
REC1213,exclude,exclude,SYNTHETIC_ILLUSTRATIVE
REC1214,exclude,exclude,SYNTHETIC_ILLUSTRATIVE
REC1215,exclude,exclude,SYNTHETIC_ILLUSTRATIVE
REC1216,exclude,exclude,SYNTHETIC_ILLUSTRATIVE
REC1217,include,exclude,SYNTHETIC_ILLUSTRATIVE
REC1218,exclude,exclude,SYNTHETIC_ILLUSTRATIVE
REC1219,exclude,exclude,SYNTHETIC_ILLUSTRATIVE
REC1220,exclude,exclude,SYNTHETIC_ILLUSTRATIVE
REC1221,exclude,exclude,SYNTHETIC_ILLUSTRATIVE
REC1222,exclude,exclude,SYNTHETIC_ILLUSTRATIVE
REC1223,exclude,exclude,SYNTHETIC_ILLUSTRATIVE
REC1224,exclude,exclude,SYNTHETIC_ILLUSTRATIVE
REC1225,exclude,exclude,SYNTHETIC_ILLUSTRATIVE
REC1226,exclude,exclude,SYNTHETIC_ILLUSTRATIVE
REC1227,exclude,exclude,SYNTHETIC_ILLUSTRATIVE
REC1228,exclude,exclude,SYNTHETIC_ILLUSTRATIVE
REC1229,exclude,include,SYNTHETIC_ILLUSTRATIVE
REC1230,exclude,exclude,SYNTHETIC_ILLUSTRATIVE
REC1231,exclude,exclude,SYNTHETIC_ILLUSTRATIVE
REC1232,exclude,exclude,SYNTHETIC_ILLUSTRATIVE
REC1233,exclude,exclude,SYNTHETIC_ILLUSTRATIVE
REC1234,exclude,exclude,SYNTHETIC_ILLUSTRATIVE
REC1235,exclude,exclude,SYNTHETIC_ILLUSTRATIVE
REC1236,exclude,exclude,SYNTHETIC_ILLUSTRATIVE
REC1237,exclude,exclude,SYNTHETIC_ILLUSTRATIVE
REC1238,exclude,exclude,SYNTHETIC_ILLUSTRATIVE
REC1239,exclude,exclude,SYNTHETIC_ILLUSTRATIVE
REC1240,exclude,include,SYNTHETIC_ILLUSTRATIVE
REC1241,exclude,exclude,SYNTHETIC_ILLUSTRATIVE
REC1242,exclude,exclude,SYNTHETIC_ILLUSTRATIVE
REC1243,exclude,exclude,SYNTHETIC_ILLUSTRATIVE
REC1244,include,exclude,SYNTHETIC_ILLUSTRATIVE
REC1245,exclude,exclude,SYNTHETIC_ILLUSTRATIVE
REC1246,exclude,exclude,SYNTHETIC_ILLUSTRATIVE
REC1247,exclude,exclude,SYNTHETIC_ILLUSTRATIVE
REC1248,exclude,exclude,SYNTHETIC_ILLUSTRATIVE
REC1249,exclude,exclude,SYNTHETIC_ILLUSTRATIVE
REC1250,exclude,exclude,SYNTHETIC_ILLUSTRATIVE
REC1251,exclude,exclude,SYNTHETIC_ILLUSTRATIVE
REC1252,exclude,exclude,SYNTHETIC_ILLUSTRATIVE
REC1253,exclude,exclude,SYNTHETIC_ILLUSTRATIVE
REC1254,exclude,exclude,SYNTHETIC_ILLUSTRATIVE
REC1255,exclude,exclude,SYNTHETIC_ILLUSTRATIVE
REC1256,exclude,exclude,SYNTHETIC_ILLUSTRATIVE
REC1257,exclude,exclude,SYNTHETIC_ILLUSTRATIVE
REC1258,exclude,exclude,SYNTHETIC_ILLUSTRATIVE
REC1259,exclude,exclude,SYNTHETIC_ILLUSTRATIVE
REC1260,exclude,exclude,SYNTHETIC_ILLUSTRATIVE
REC1261,exclude,exclude,SYNTHETIC_ILLUSTRATIVE
REC1262,exclude,exclude,SYNTHETIC_ILLUSTRATIVE
REC1263,exclude,exclude,SYNTHETIC_ILLUSTRATIVE
REC1264,exclude,exclude,SYNTHETIC_ILLUSTRATIVE
REC1265,exclude,exclude,SYNTHETIC_ILLUSTRATIVE
REC1266,include,include,SYNTHETIC_ILLUSTRATIVE
REC1267,exclude,exclude,SYNTHETIC_ILLUSTRATIVE
REC1268,exclude,exclude,SYNTHETIC_ILLUSTRATIVE
REC1269,exclude,exclude,SYNTHETIC_ILLUSTRATIVE
REC1270,exclude,exclude,SYNTHETIC_ILLUSTRATIVE
REC1271,exclude,exclude,SYNTHETIC_ILLUSTRATIVE
REC1272,exclude,exclude,SYNTHETIC_ILLUSTRATIVE
REC1273,exclude,exclude,SYNTHETIC_ILLUSTRATIVE
REC1274,exclude,exclude,SYNTHETIC_ILLUSTRATIVE
REC1275,exclude,exclude,SYNTHETIC_ILLUSTRATIVE
REC1276,include,exclude,SYNTHETIC_ILLUSTRATIVE
REC1277,exclude,exclude,SYNTHETIC_ILLUSTRATIVE
REC1278,exclude,exclude,SYNTHETIC_ILLUSTRATIVE
REC1279,exclude,exclude,SYNTHETIC_ILLUSTRATIVE
REC1280,exclude,exclude,SYNTHETIC_ILLUSTRATIVE
REC1281,exclude,exclude,SYNTHETIC_ILLUSTRATIVE
REC1282,exclude,exclude,SYNTHETIC_ILLUSTRATIVE
REC1283,exclude,exclude,SYNTHETIC_ILLUSTRATIVE
REC1284,exclude,exclude,SYNTHETIC_ILLUSTRATIVE
REC1285,exclude,include,SYNTHETIC_ILLUSTRATIVE
REC1286,exclude,exclude,SYNTHETIC_ILLUSTRATIVE
REC1287,exclude,exclude,SYNTHETIC_ILLUSTRATIVE
REC1288,exclude,exclude,SYNTHETIC_ILLUSTRATIVE
REC1289,exclude,exclude,SYNTHETIC_ILLUSTRATIVE
REC1290,exclude,exclude,SYNTHETIC_ILLUSTRATIVE
REC1291,exclude,include,SYNTHETIC_ILLUSTRATIVE
REC1292,exclude,exclude,SYNTHETIC_ILLUSTRATIVE
REC1293,exclude,exclude,SYNTHETIC_ILLUSTRATIVE
REC1294,exclude,exclude,SYNTHETIC_ILLUSTRATIVE
REC1295,include,exclude,SYNTHETIC_ILLUSTRATIVE
REC1296,exclude,exclude,SYNTHETIC_ILLUSTRATIVE
REC1297,exclude,exclude,SYNTHETIC_ILLUSTRATIVE
REC1298,exclude,exclude,SYNTHETIC_ILLUSTRATIVE
REC1299,exclude,exclude,SYNTHETIC_ILLUSTRATIVE
REC1300,exclude,exclude,SYNTHETIC_ILLUSTRATIVE
REC1301,exclude,exclude,SYNTHETIC_ILLUSTRATIVE
REC1302,exclude,exclude,SYNTHETIC_ILLUSTRATIVE
REC1303,exclude,exclude,SYNTHETIC_ILLUSTRATIVE
REC1304,exclude,exclude,SYNTHETIC_ILLUSTRATIVE
REC1305,exclude,exclude,SYNTHETIC_ILLUSTRATIVE
REC1306,exclude,exclude,SYNTHETIC_ILLUSTRATIVE
REC1307,exclude,exclude,SYNTHETIC_ILLUSTRATIVE
REC1308,exclude,exclude,SYNTHETIC_ILLUSTRATIVE
REC1309,exclude,exclude,SYNTHETIC_ILLUSTRATIVE
REC1310,exclude,exclude,SYNTHETIC_ILLUSTRATIVE
REC1311,exclude,exclude,SYNTHETIC_ILLUSTRATIVE
REC1312,exclude,exclude,SYNTHETIC_ILLUSTRATIVE
REC1313,include,include,SYNTHETIC_ILLUSTRATIVE
REC1314,exclude,exclude,SYNTHETIC_ILLUSTRATIVE
REC1315,exclude,exclude,SYNTHETIC_ILLUSTRATIVE
REC1316,exclude,exclude,SYNTHETIC_ILLUSTRATIVE
REC1317,include,include,SYNTHETIC_ILLUSTRATIVE
REC1318,exclude,include,SYNTHETIC_ILLUSTRATIVE
REC1319,exclude,exclude,SYNTHETIC_ILLUSTRATIVE
REC1320,exclude,exclude,SYNTHETIC_ILLUSTRATIVE
REC1321,exclude,exclude,SYNTHETIC_ILLUSTRATIVE
REC1322,exclude,exclude,SYNTHETIC_ILLUSTRATIVE
REC1323,exclude,exclude,SYNTHETIC_ILLUSTRATIVE
REC1324,exclude,exclude,SYNTHETIC_ILLUSTRATIVE
REC1325,exclude,exclude,SYNTHETIC_ILLUSTRATIVE
REC1326,exclude,exclude,SYNTHETIC_ILLUSTRATIVE
REC1327,exclude,exclude,SYNTHETIC_ILLUSTRATIVE
REC1328,include,exclude,SYNTHETIC_ILLUSTRATIVE
REC1329,include,exclude,SYNTHETIC_ILLUSTRATIVE
REC1330,exclude,exclude,SYNTHETIC_ILLUSTRATIVE
REC1331,exclude,exclude,SYNTHETIC_ILLUSTRATIVE
REC1332,exclude,exclude,SYNTHETIC_ILLUSTRATIVE
REC1333,exclude,exclude,SYNTHETIC_ILLUSTRATIVE
REC1334,exclude,exclude,SYNTHETIC_ILLUSTRATIVE
REC1335,exclude,exclude,SYNTHETIC_ILLUSTRATIVE
REC1336,exclude,exclude,SYNTHETIC_ILLUSTRATIVE
REC1337,exclude,exclude,SYNTHETIC_ILLUSTRATIVE
REC1338,exclude,exclude,SYNTHETIC_ILLUSTRATIVE
REC1339,exclude,exclude,SYNTHETIC_ILLUSTRATIVE
REC1340,exclude,exclude,SYNTHETIC_ILLUSTRATIVE
REC1341,exclude,exclude,SYNTHETIC_ILLUSTRATIVE
REC1342,exclude,exclude,SYNTHETIC_ILLUSTRATIVE
REC1343,exclude,exclude,SYNTHETIC_ILLUSTRATIVE
REC1344,exclude,exclude,SYNTHETIC_ILLUSTRATIVE
REC1345,exclude,exclude,SYNTHETIC_ILLUSTRATIVE
REC1346,exclude,exclude,SYNTHETIC_ILLUSTRATIVE
REC1347,exclude,exclude,SYNTHETIC_ILLUSTRATIVE
REC1348,exclude,exclude,SYNTHETIC_ILLUSTRATIVE
REC1349,exclude,exclude,SYNTHETIC_ILLUSTRATIVE
REC1350,exclude,exclude,SYNTHETIC_ILLUSTRATIVE
REC1351,exclude,exclude,SYNTHETIC_ILLUSTRATIVE
REC1352,exclude,include,SYNTHETIC_ILLUSTRATIVE
REC1353,exclude,exclude,SYNTHETIC_ILLUSTRATIVE
REC1354,exclude,exclude,SYNTHETIC_ILLUSTRATIVE
REC1355,exclude,exclude,SYNTHETIC_ILLUSTRATIVE
REC1356,exclude,exclude,SYNTHETIC_ILLUSTRATIVE
REC1357,exclude,exclude,SYNTHETIC_ILLUSTRATIVE
REC1358,exclude,exclude,SYNTHETIC_ILLUSTRATIVE
REC1359,exclude,exclude,SYNTHETIC_ILLUSTRATIVE
REC1360,exclude,exclude,SYNTHETIC_ILLUSTRATIVE
REC1361,exclude,exclude,SYNTHETIC_ILLUSTRATIVE
REC1362,exclude,exclude,SYNTHETIC_ILLUSTRATIVE
REC1363,exclude,exclude,SYNTHETIC_ILLUSTRATIVE
REC1364,exclude,exclude,SYNTHETIC_ILLUSTRATIVE
REC1365,exclude,exclude,SYNTHETIC_ILLUSTRATIVE
REC1366,exclude,exclude,SYNTHETIC_ILLUSTRATIVE
REC1367,exclude,exclude,SYNTHETIC_ILLUSTRATIVE
REC1368,exclude,exclude,SYNTHETIC_ILLUSTRATIVE
REC1369,exclude,exclude,SYNTHETIC_ILLUSTRATIVE
REC1370,include,include,SYNTHETIC_ILLUSTRATIVE
REC1371,exclude,exclude,SYNTHETIC_ILLUSTRATIVE
REC1372,include,exclude,SYNTHETIC_ILLUSTRATIVE
REC1373,exclude,exclude,SYNTHETIC_ILLUSTRATIVE
REC1374,exclude,exclude,SYNTHETIC_ILLUSTRATIVE
REC1375,exclude,exclude,SYNTHETIC_ILLUSTRATIVE
REC1376,exclude,exclude,SYNTHETIC_ILLUSTRATIVE
REC1377,exclude,exclude,SYNTHETIC_ILLUSTRATIVE
REC1378,exclude,exclude,SYNTHETIC_ILLUSTRATIVE
REC1379,exclude,exclude,SYNTHETIC_ILLUSTRATIVE
REC1380,exclude,exclude,SYNTHETIC_ILLUSTRATIVE
REC1381,exclude,exclude,SYNTHETIC_ILLUSTRATIVE
REC1382,exclude,exclude,SYNTHETIC_ILLUSTRATIVE
REC1383,exclude,exclude,SYNTHETIC_ILLUSTRATIVE
REC1384,exclude,exclude,SYNTHETIC_ILLUSTRATIVE
REC1385,include,include,SYNTHETIC_ILLUSTRATIVE
REC1386,exclude,exclude,SYNTHETIC_ILLUSTRATIVE
REC1387,exclude,exclude,SYNTHETIC_ILLUSTRATIVE
REC1388,exclude,exclude,SYNTHETIC_ILLUSTRATIVE
REC1389,exclude,exclude,SYNTHETIC_ILLUSTRATIVE
REC1390,exclude,exclude,SYNTHETIC_ILLUSTRATIVE
REC1391,exclude,exclude,SYNTHETIC_ILLUSTRATIVE
REC1392,exclude,exclude,SYNTHETIC_ILLUSTRATIVE
REC1393,exclude,exclude,SYNTHETIC_ILLUSTRATIVE
REC1394,exclude,exclude,SYNTHETIC_ILLUSTRATIVE
REC1395,exclude,exclude,SYNTHETIC_ILLUSTRATIVE
REC1396,exclude,exclude,SYNTHETIC_ILLUSTRATIVE
REC1397,exclude,exclude,SYNTHETIC_ILLUSTRATIVE
REC1398,exclude,exclude,SYNTHETIC_ILLUSTRATIVE
REC1399,exclude,exclude,SYNTHETIC_ILLUSTRATIVE
REC1400,exclude,exclude,SYNTHETIC_ILLUSTRATIVE
REC1401,exclude,exclude,SYNTHETIC_ILLUSTRATIVE
REC1402,include,include,SYNTHETIC_ILLUSTRATIVE
REC1403,exclude,exclude,SYNTHETIC_ILLUSTRATIVE
REC1404,exclude,exclude,SYNTHETIC_ILLUSTRATIVE
REC1405,exclude,exclude,SYNTHETIC_ILLUSTRATIVE
REC1406,exclude,exclude,SYNTHETIC_ILLUSTRATIVE
REC1407,exclude,exclude,SYNTHETIC_ILLUSTRATIVE
REC1408,exclude,exclude,SYNTHETIC_ILLUSTRATIVE
REC1409,exclude,exclude,SYNTHETIC_ILLUSTRATIVE
REC1410,exclude,exclude,SYNTHETIC_ILLUSTRATIVE
REC1411,exclude,exclude,SYNTHETIC_ILLUSTRATIVE
REC1412,exclude,exclude,SYNTHETIC_ILLUSTRATIVE
REC1413,exclude,exclude,SYNTHETIC_ILLUSTRATIVE
REC1414,exclude,exclude,SYNTHETIC_ILLUSTRATIVE
REC1415,exclude,exclude,SYNTHETIC_ILLUSTRATIVE
REC1416,exclude,include,SYNTHETIC_ILLUSTRATIVE
REC1417,exclude,exclude,SYNTHETIC_ILLUSTRATIVE
REC1418,exclude,exclude,SYNTHETIC_ILLUSTRATIVE
REC1419,exclude,exclude,SYNTHETIC_ILLUSTRATIVE
REC1420,exclude,exclude,SYNTHETIC_ILLUSTRATIVE
REC1421,include,include,SYNTHETIC_ILLUSTRATIVE
REC1422,exclude,exclude,SYNTHETIC_ILLUSTRATIVE
REC1423,exclude,exclude,SYNTHETIC_ILLUSTRATIVE
REC1424,exclude,exclude,SYNTHETIC_ILLUSTRATIVE
REC1425,exclude,exclude,SYNTHETIC_ILLUSTRATIVE
REC1426,exclude,exclude,SYNTHETIC_ILLUSTRATIVE
REC1427,exclude,exclude,SYNTHETIC_ILLUSTRATIVE
REC1428,exclude,exclude,SYNTHETIC_ILLUSTRATIVE
REC1429,exclude,exclude,SYNTHETIC_ILLUSTRATIVE
REC1430,exclude,exclude,SYNTHETIC_ILLUSTRATIVE
REC1431,exclude,exclude,SYNTHETIC_ILLUSTRATIVE
REC1432,exclude,exclude,SYNTHETIC_ILLUSTRATIVE
REC1433,exclude,exclude,SYNTHETIC_ILLUSTRATIVE
REC1434,exclude,include,SYNTHETIC_ILLUSTRATIVE
REC1435,exclude,exclude,SYNTHETIC_ILLUSTRATIVE
REC1436,exclude,exclude,SYNTHETIC_ILLUSTRATIVE
REC1437,exclude,exclude,SYNTHETIC_ILLUSTRATIVE
REC1438,exclude,exclude,SYNTHETIC_ILLUSTRATIVE
REC1439,exclude,include,SYNTHETIC_ILLUSTRATIVE
REC1440,exclude,exclude,SYNTHETIC_ILLUSTRATIVE
REC1441,exclude,exclude,SYNTHETIC_ILLUSTRATIVE
REC1442,include,exclude,SYNTHETIC_ILLUSTRATIVE
REC1443,exclude,exclude,SYNTHETIC_ILLUSTRATIVE
REC1444,exclude,exclude,SYNTHETIC_ILLUSTRATIVE
REC1445,exclude,exclude,SYNTHETIC_ILLUSTRATIVE
REC1446,exclude,exclude,SYNTHETIC_ILLUSTRATIVE
REC1447,exclude,exclude,SYNTHETIC_ILLUSTRATIVE
REC1448,exclude,exclude,SYNTHETIC_ILLUSTRATIVE
REC1449,exclude,exclude,SYNTHETIC_ILLUSTRATIVE
REC1450,exclude,exclude,SYNTHETIC_ILLUSTRATIVE
REC1451,exclude,exclude,SYNTHETIC_ILLUSTRATIVE
REC1452,include,include,SYNTHETIC_ILLUSTRATIVE
REC1453,exclude,exclude,SYNTHETIC_ILLUSTRATIVE
REC1454,exclude,exclude,SYNTHETIC_ILLUSTRATIVE
REC1455,exclude,exclude,SYNTHETIC_ILLUSTRATIVE
REC1456,include,exclude,SYNTHETIC_ILLUSTRATIVE
REC1457,exclude,exclude,SYNTHETIC_ILLUSTRATIVE
REC1458,exclude,exclude,SYNTHETIC_ILLUSTRATIVE
REC1459,exclude,exclude,SYNTHETIC_ILLUSTRATIVE
REC1460,exclude,exclude,SYNTHETIC_ILLUSTRATIVE
REC1461,exclude,exclude,SYNTHETIC_ILLUSTRATIVE
REC1462,exclude,exclude,SYNTHETIC_ILLUSTRATIVE
REC1463,exclude,exclude,SYNTHETIC_ILLUSTRATIVE
REC1464,exclude,exclude,SYNTHETIC_ILLUSTRATIVE
REC1465,include,exclude,SYNTHETIC_ILLUSTRATIVE
REC1466,exclude,exclude,SYNTHETIC_ILLUSTRATIVE
REC1467,exclude,exclude,SYNTHETIC_ILLUSTRATIVE
REC1468,exclude,exclude,SYNTHETIC_ILLUSTRATIVE
REC1469,exclude,exclude,SYNTHETIC_ILLUSTRATIVE
REC1470,exclude,exclude,SYNTHETIC_ILLUSTRATIVE
REC1471,exclude,exclude,SYNTHETIC_ILLUSTRATIVE
REC1472,exclude,exclude,SYNTHETIC_ILLUSTRATIVE
REC1473,exclude,exclude,SYNTHETIC_ILLUSTRATIVE
REC1474,exclude,exclude,SYNTHETIC_ILLUSTRATIVE
REC1475,include,include,SYNTHETIC_ILLUSTRATIVE
REC1476,exclude,exclude,SYNTHETIC_ILLUSTRATIVE
REC1477,exclude,exclude,SYNTHETIC_ILLUSTRATIVE
REC1478,exclude,exclude,SYNTHETIC_ILLUSTRATIVE
REC1479,exclude,exclude,SYNTHETIC_ILLUSTRATIVE
REC1480,exclude,exclude,SYNTHETIC_ILLUSTRATIVE
REC1481,include,include,SYNTHETIC_ILLUSTRATIVE
REC1482,exclude,exclude,SYNTHETIC_ILLUSTRATIVE
REC1483,include,exclude,SYNTHETIC_ILLUSTRATIVE
REC1484,exclude,exclude,SYNTHETIC_ILLUSTRATIVE
REC1485,include,include,SYNTHETIC_ILLUSTRATIVE
REC1486,exclude,exclude,SYNTHETIC_ILLUSTRATIVE
REC1487,exclude,exclude,SYNTHETIC_ILLUSTRATIVE
REC1488,exclude,exclude,SYNTHETIC_ILLUSTRATIVE
REC1489,exclude,exclude,SYNTHETIC_ILLUSTRATIVE
REC1490,exclude,exclude,SYNTHETIC_ILLUSTRATIVE
REC1491,exclude,exclude,SYNTHETIC_ILLUSTRATIVE
REC1492,exclude,exclude,SYNTHETIC_ILLUSTRATIVE
REC1493,include,include,SYNTHETIC_ILLUSTRATIVE
REC1494,exclude,exclude,SYNTHETIC_ILLUSTRATIVE
REC1495,exclude,exclude,SYNTHETIC_ILLUSTRATIVE
REC1496,exclude,exclude,SYNTHETIC_ILLUSTRATIVE
REC1497,exclude,exclude,SYNTHETIC_ILLUSTRATIVE
REC1498,exclude,exclude,SYNTHETIC_ILLUSTRATIVE
REC1499,include,include,SYNTHETIC_ILLUSTRATIVE
REC1500,exclude,exclude,SYNTHETIC_ILLUSTRATIVE
REC1501,exclude,exclude,SYNTHETIC_ILLUSTRATIVE
REC1502,exclude,exclude,SYNTHETIC_ILLUSTRATIVE
REC1503,exclude,exclude,SYNTHETIC_ILLUSTRATIVE
REC1504,exclude,exclude,SYNTHETIC_ILLUSTRATIVE
REC1505,exclude,exclude,SYNTHETIC_ILLUSTRATIVE
REC1506,exclude,exclude,SYNTHETIC_ILLUSTRATIVE
REC1507,exclude,exclude,SYNTHETIC_ILLUSTRATIVE
REC1508,exclude,exclude,SYNTHETIC_ILLUSTRATIVE
REC1509,exclude,exclude,SYNTHETIC_ILLUSTRATIVE
REC1510,exclude,exclude,SYNTHETIC_ILLUSTRATIVE
REC1511,exclude,exclude,SYNTHETIC_ILLUSTRATIVE
REC1512,exclude,exclude,SYNTHETIC_ILLUSTRATIVE
REC1513,exclude,exclude,SYNTHETIC_ILLUSTRATIVE
REC1514,exclude,exclude,SYNTHETIC_ILLUSTRATIVE
REC1515,exclude,exclude,SYNTHETIC_ILLUSTRATIVE
REC1516,exclude,exclude,SYNTHETIC_ILLUSTRATIVE
REC1517,exclude,exclude,SYNTHETIC_ILLUSTRATIVE
REC1518,exclude,exclude,SYNTHETIC_ILLUSTRATIVE
REC1519,exclude,exclude,SYNTHETIC_ILLUSTRATIVE
REC1520,exclude,exclude,SYNTHETIC_ILLUSTRATIVE
REC1521,exclude,exclude,SYNTHETIC_ILLUSTRATIVE
REC1522,exclude,exclude,SYNTHETIC_ILLUSTRATIVE
REC1523,exclude,exclude,SYNTHETIC_ILLUSTRATIVE
REC1524,exclude,exclude,SYNTHETIC_ILLUSTRATIVE
REC1525,exclude,exclude,SYNTHETIC_ILLUSTRATIVE
REC1526,exclude,exclude,SYNTHETIC_ILLUSTRATIVE
REC1527,exclude,exclude,SYNTHETIC_ILLUSTRATIVE
REC1528,exclude,exclude,SYNTHETIC_ILLUSTRATIVE
REC1529,exclude,exclude,SYNTHETIC_ILLUSTRATIVE
REC1530,exclude,exclude,SYNTHETIC_ILLUSTRATIVE
REC1531,exclude,exclude,SYNTHETIC_ILLUSTRATIVE
REC1532,exclude,exclude,SYNTHETIC_ILLUSTRATIVE
REC1533,exclude,exclude,SYNTHETIC_ILLUSTRATIVE
REC1534,exclude,exclude,SYNTHETIC_ILLUSTRATIVE
REC1535,exclude,exclude,SYNTHETIC_ILLUSTRATIVE
REC1536,exclude,exclude,SYNTHETIC_ILLUSTRATIVE
REC1537,exclude,exclude,SYNTHETIC_ILLUSTRATIVE
REC1538,exclude,exclude,SYNTHETIC_ILLUSTRATIVE
REC1539,exclude,exclude,SYNTHETIC_ILLUSTRATIVE
REC1540,exclude,exclude,SYNTHETIC_ILLUSTRATIVE
REC1541,exclude,exclude,SYNTHETIC_ILLUSTRATIVE
REC1542,exclude,exclude,SYNTHETIC_ILLUSTRATIVE
REC1543,exclude,exclude,SYNTHETIC_ILLUSTRATIVE
REC1544,exclude,exclude,SYNTHETIC_ILLUSTRATIVE
REC1545,exclude,exclude,SYNTHETIC_ILLUSTRATIVE
REC1546,include,exclude,SYNTHETIC_ILLUSTRATIVE
REC1547,exclude,exclude,SYNTHETIC_ILLUSTRATIVE
REC1548,exclude,exclude,SYNTHETIC_ILLUSTRATIVE
REC1549,exclude,exclude,SYNTHETIC_ILLUSTRATIVE
REC1550,exclude,exclude,SYNTHETIC_ILLUSTRATIVE
REC1551,exclude,exclude,SYNTHETIC_ILLUSTRATIVE
REC1552,exclude,exclude,SYNTHETIC_ILLUSTRATIVE
REC1553,exclude,exclude,SYNTHETIC_ILLUSTRATIVE
REC1554,exclude,exclude,SYNTHETIC_ILLUSTRATIVE
REC1555,exclude,exclude,SYNTHETIC_ILLUSTRATIVE
REC1556,exclude,exclude,SYNTHETIC_ILLUSTRATIVE
REC1557,include,exclude,SYNTHETIC_ILLUSTRATIVE
REC1558,exclude,exclude,SYNTHETIC_ILLUSTRATIVE
REC1559,exclude,exclude,SYNTHETIC_ILLUSTRATIVE
REC1560,exclude,exclude,SYNTHETIC_ILLUSTRATIVE
REC1561,exclude,exclude,SYNTHETIC_ILLUSTRATIVE
REC1562,exclude,exclude,SYNTHETIC_ILLUSTRATIVE
REC1563,exclude,exclude,SYNTHETIC_ILLUSTRATIVE
REC1564,exclude,exclude,SYNTHETIC_ILLUSTRATIVE
REC1565,exclude,exclude,SYNTHETIC_ILLUSTRATIVE
REC1566,exclude,exclude,SYNTHETIC_ILLUSTRATIVE
REC1567,exclude,exclude,SYNTHETIC_ILLUSTRATIVE
REC1568,exclude,exclude,SYNTHETIC_ILLUSTRATIVE
REC1569,exclude,exclude,SYNTHETIC_ILLUSTRATIVE
REC1570,include,exclude,SYNTHETIC_ILLUSTRATIVE
